global_step,grad_norm,loss,train/ctc_loss,train/wer,validation/ctc_loss,validation/wer,validation/num_examples,test/ctc_loss,test/wer,test/num_examples,score,total_duration,accumulated_submission_time,accumulated_eval_time,accumulated_logging_time,preemption_count
0,44.14146,31.829971,,,,,,,,,,,,,,
1,,,32.387848,1.3955485058197952,31.163591,1.043146644525329,5348.0,31.279486,1.0976986980277457,2472.0,35.57791781425476,174.5587763786316,35.57791781425476,138.98080229759216,0.0,0.0
100,2.5681877,6.6499853,,,,,,,,,,,,,,
200,0.6175644,5.9323616,,,,,,,,,,,,,,
300,0.47367212,5.836099,,,,,,,,,,,,,,
400,0.57608837,5.8060217,,,,,,,,,,,,,,
500,0.570951,5.810319,,,,,,,,,,,,,,
600,0.58105797,5.793974,,,,,,,,,,,,,,
700,1.9093612,5.78246,,,,,,,,,,,,,,
800,1.6847188,5.78802,,,,,,,,,,,,,,
900,3.6546555,5.798966,,,,,,,,,,,,,,
1000,1.9925528,5.7740664,,,,,,,,,,,,,,
1100,4.241114,5.7303276,,,,,,,,,,,,,,
1200,1.5411026,5.534539,,,,,,,,,,,,,,
1300,2.2268846,5.491662,,,,,,,,,,,,,,
1400,8.061101,5.5868864,,,,,,,,,,,,,,
1500,1.1307198,4.7472553,,,,,,,,,,,,,,
1600,0.78331465,4.1657104,,,,,,,,,,,,,,
1685,,,6.3702335,0.936353811149033,6.3203735,0.895440107359742,5348.0,6.330534,0.8973046533828936,2472.0,1475.9603667259216,1728.061883211136,1475.9603667259216,251.99166750907887,0.0357248783111572,0.0
1700,1.2086877,3.8545601,,,,,,,,,,,,,,
1800,0.9246079,3.6348648,,,,,,,,,,,,,,
1900,1.6033845,3.412395,,,,,,,,,,,,,,
2000,1.0228087,3.2941463,,,,,,,,,,,,,,
2100,1.0632932,3.140467,,,,,,,,,,,,,,
2200,1.2216462,3.0859106,,,,,,,,,,,,,,
2300,0.9238248,2.9741583,,,,,,,,,,,,,,
2400,1.3426936,2.9254966,,,,,,,,,,,,,,
2500,1.3516728,2.870893,,,,,,,,,,,,,,
2600,0.97571826,2.7271962,,,,,,,,,,,,,,
2700,1.8047405,2.6853654,,,,,,,,,,,,,,
2800,0.8620672,2.5728855,,,,,,,,,,,,,,
2900,1.1347735,2.6154032,,,,,,,,,,,,,,
3000,1.9072491,2.4839513,,,,,,,,,,,,,,
3100,0.8526655,2.4275742,,,,,,,,,,,,,,
3200,1.0511534,2.3777027,,,,,,,,,,,,,,
3300,0.7725561,2.3354986,,,,,,,,,,,,,,
3376,,,2.8703103,0.5950224159334732,2.8294756,0.5699334794404163,5348.0,2.5039368,0.5188999248471554,2472.0,2916.4242436885834,3300.489486694336,2916.4242436885834,383.8297390937805,0.0865085124969482,0.0
3400,0.8101665,2.2195213,,,,,,,,,,,,,,
3500,1.0958052,2.243652,,,,,,,,,,,,,,
3600,0.7777608,2.1736102,,,,,,,,,,,,,,
3700,0.79648817,2.1491745,,,,,,,,,,,,,,
3800,0.8138519,2.086443,,,,,,,,,,,,,,
3900,0.74327844,2.1805263,,,,,,,,,,,,,,
4000,1.0745735,2.045133,,,,,,,,,,,,,,
4100,0.7393088,2.0551164,,,,,,,,,,,,,,
4200,0.64688265,1.9634243,,,,,,,,,,,,,,
4300,1.0275608,1.9907805,,,,,,,,,,,,,,
4400,0.7845382,1.9503257,,,,,,,,,,,,,,
4500,0.7749285,1.9262706,,,,,,,,,,,,,,
4600,0.6815733,1.9688025,,,,,,,,,,,,,,
4700,0.8013006,1.8370807,,,,,,,,,,,,,,
4800,0.7469476,1.8580246,,,,,,,,,,,,,,
4900,0.80096316,1.8886014,,,,,,,,,,,,,,
5000,0.8308872,1.8308898,,,,,,,,,,,,,,
5050,,,0.83288306,0.2686575402958711,0.9431758,0.2808055842513299,5348.0,0.66521096,0.2190197631669815,2472.0,4356.522769451141,4878.47324180603,4356.522769451141,521.587308883667,0.1410958766937255,0.0
5100,0.79773253,1.8254658,,,,,,,,,,,,,,
5200,0.59613746,1.8154494,,,,,,,,,,,,,,
5300,0.7553264,1.7908776,,,,,,,,,,,,,,
5400,0.56864923,1.776155,,,,,,,,,,,,,,
5500,0.9451816,1.8026675,,,,,,,,,,,,,,
5600,0.95368695,1.8096114,,,,,,,,,,,,,,
5700,0.67771256,1.8604559,,,,,,,,,,,,,,
5800,0.62773067,1.7588185,,,,,,,,,,,,,,
5900,0.6930454,1.7801868,,,,,,,,,,,,,,
6000,0.7556577,1.6990595,,,,,,,,,,,,,,
6100,0.9305669,1.7312063,,,,,,,,,,,,,,
6200,0.94173324,1.6220701,,,,,,,,,,,,,,
6300,0.6209583,1.6724524,,,,,,,,,,,,,,
6400,0.689005,1.6993127,,,,,,,,,,,,,,
6500,0.59158593,1.649292,,,,,,,,,,,,,,
6600,1.5282402,1.614341,,,,,,,,,,,,,,
6700,0.6808628,1.70236,,,,,,,,,,,,,,
6740,,,0.6040004,0.2079973718639594,0.74008816,0.2246444674010639,5348.0,0.48961702,0.1671846119472711,2472.0,5797.023282766342,6451.637514591217,5797.023282766342,654.1273121833801,0.1892614364624023,0.0
6800,0.61469597,1.6188918,,,,,,,,,,,,,,
6900,0.70728874,1.6057281,,,,,,,,,,,,,,
7000,0.8878753,1.6760151,,,,,,,,,,,,,,
7100,0.64738977,1.6414944,,,,,,,,,,,,,,
7200,0.71632475,1.6266865,,,,,,,,,,,,,,
7300,0.6955349,1.5956937,,,,,,,,,,,,,,
7400,0.79316586,1.5727377,,,,,,,,,,,,,,
7500,0.58098483,1.6387917,,,,,,,,,,,,,,
7600,0.64454454,1.5391358,,,,,,,,,,,,,,
7700,0.8437667,1.6082504,,,,,,,,,,,,,,
7800,0.55873585,1.5789899,,,,,,,,,,,,,,
7900,0.5941433,1.5358825,,,,,,,,,,,,,,
8000,0.6434638,1.5579911,,,,,,,,,,,,,,
8100,0.68713826,1.5638163,,,,,,,,,,,,,,
8200,0.6619916,1.6175086,,,,,,,,,,,,,,
8300,0.71588224,1.4916267,,,,,,,,,,,,,,
8400,0.8090252,1.5376118,,,,,,,,,,,,,,
8450,,,0.49352032,0.1710689262302751,0.6651629,0.2010581499753806,5348.0,0.4210605,0.1426279121727296,2472.0,7236.972342252731,8024.497707366943,7236.972342252731,786.9121985435486,0.2403411865234375,0.0
8500,0.5791571,1.5627813,,,,,,,,,,,,,,
8600,0.6594584,1.5578263,,,,,,,,,,,,,,
8700,0.6456313,1.5360272,,,,,,,,,,,,,,
8800,0.74800754,1.5876312,,,,,,,,,,,,,,
8900,0.6192822,1.532116,,,,,,,,,,,,,,
9000,0.6413133,1.5383703,,,,,,,,,,,,,,
9100,0.5799464,1.5205314,,,,,,,,,,,,,,
9200,0.60447246,1.49934,,,,,,,,,,,,,,
9300,0.5766881,1.480134,,,,,,,,,,,,,,
9400,0.7715793,1.4726605,,,,,,,,,,,,,,
9500,0.7179313,1.5282732,,,,,,,,,,,,,,
9600,0.6554888,1.4908276,,,,,,,,,,,,,,
9700,0.56835425,1.5435114,,,,,,,,,,,,,,
9800,0.60837454,1.5138226,,,,,,,,,,,,,,
9900,0.79028714,1.43802,,,,,,,,,,,,,,
10000,0.6530944,1.4586806,,,,,,,,,,,,,,
10100,0.6256141,1.4871912,,,,,,,,,,,,,,
10149,,,0.29691428,0.1110461656180921,0.6043157,0.1861996389159755,5348.0,0.3722067,0.1262974021489651,2472.0,8677.129787445068,9625.68328166008,8677.129787445068,947.81329536438,0.2935667037963867,0.0
10200,0.65324455,1.5412415,,,,,,,,,,,,,,
10300,0.6393015,1.4745162,,,,,,,,,,,,,,
10400,0.6540031,1.4609996,,,,,,,,,,,,,,
10500,0.7166896,1.405619,,,,,,,,,,,,,,
10600,0.61184335,1.4414574,,,,,,,,,,,,,,
10700,0.6226299,1.505586,,,,,,,,,,,,,,
10800,0.6062006,1.4393847,,,,,,,,,,,,,,
10900,0.68690467,1.4776208,,,,,,,,,,,,,,
11000,0.61568165,1.3880268,,,,,,,,,,,,,,
11100,0.6046046,1.4202391,,,,,,,,,,,,,,
11200,0.6326718,1.4322032,,,,,,,,,,,,,,
11300,0.73993385,1.4541326,,,,,,,,,,,,,,
11400,0.70225894,1.4272041,,,,,,,,,,,,,,
11500,0.6236221,1.3986022,,,,,,,,,,,,,,
11600,0.6560986,1.4002331,,,,,,,,,,,,,,
11700,0.6523136,1.4994048,,,,,,,,,,,,,,
11800,0.55710644,1.3949062,,,,,,,,,,,,,,
11875,,,0.27041242,0.099588036967578,0.57668215,0.175357463529548,5348.0,0.35247084,0.1216257388337091,2472.0,10117.744185447693,11204.992297172546,10117.744185447693,1086.3854405879974,0.3410470485687256,0.0
11900,0.5649074,1.4282651,,,,,,,,,,,,,,
12000,0.7619122,1.4007657,,,,,,,,,,,,,,
12100,0.6506184,1.4266342,,,,,,,,,,,,,,
12200,0.6069252,1.4209019,,,,,,,,,,,,,,
12300,0.7160285,1.4044089,,,,,,,,,,,,,,
12400,0.5581915,1.3858738,,,,,,,,,,,,,,
12500,0.6287035,1.4071938,,,,,,,,,,,,,,
12600,0.7285196,1.4084707,,,,,,,,,,,,,,
12700,0.62460804,1.4360863,,,,,,,,,,,,,,
12800,0.68141973,1.4022437,,,,,,,,,,,,,,
12900,0.56521755,1.3622942,,,,,,,,,,,,,,
13000,0.5772731,1.4098709,,,,,,,,,,,,,,
13100,0.6490571,1.3943849,,,,,,,,,,,,,,
13200,0.59016687,1.4157343,,,,,,,,,,,,,,
13300,0.6099916,1.3607028,,,,,,,,,,,,,,
13400,0.5451419,1.3545047,,,,,,,,,,,,,,
13500,0.5584402,1.373686,,,,,,,,,,,,,,
13572,,,0.26092592,0.0966991728111208,0.54714733,0.1656352278980855,5348.0,0.33199945,0.1133995490829321,2472.0,11557.835375070572,12781.041088342668,11557.835375070572,1222.2144269943235,0.3931374549865722,0.0
13600,0.6274126,1.399471,,,,,,,,,,,,,,
13700,0.6681174,1.3845901,,,,,,,,,,,,,,
13800,0.5459534,1.3785341,,,,,,,,,,,,,,
13900,0.5567205,1.4035288,,,,,,,,,,,,,,
14000,0.7021305,1.317392,,,,,,,,,,,,,,
14100,0.64789605,1.4116461,,,,,,,,,,,,,,
14200,0.6285641,1.3357643,,,,,,,,,,,,,,
14300,0.53397506,1.3950583,,,,,,,,,,,,,,
14400,0.65112424,1.4009285,,,,,,,,,,,,,,
14500,0.8016378,1.3936346,,,,,,,,,,,,,,
14600,0.68871593,1.3364872,,,,,,,,,,,,,,
14700,0.5887089,1.3671767,,,,,,,,,,,,,,
14800,0.7282829,1.3544836,,,,,,,,,,,,,,
14900,0.54729307,1.3281715,,,,,,,,,,,,,,
15000,0.59887356,1.3472784,,,,,,,,,,,,,,
15100,0.64360535,1.3250184,,,,,,,,,,,,,,
15200,0.62975943,1.3997645,,,,,,,,,,,,,,
15238,,,0.2348248,0.0892655897821187,0.5383248,0.1643704683472199,5348.0,0.3189678,0.1110434058456726,2472.0,12997.719169139862,14359.018620729446,12997.719169139862,1360.179630279541,0.4491429328918457,0.0
15300,0.7665472,1.3755332,,,,,,,,,,,,,,
15400,0.713054,1.3771647,,,,,,,,,,,,,,
15500,0.5453542,1.3220246,,,,,,,,,,,,,,
15600,0.5486115,1.3868619,,,,,,,,,,,,,,
15700,0.5812245,1.353627,,,,,,,,,,,,,,
15800,0.8608643,1.3522239,,,,,,,,,,,,,,
15900,0.50312984,1.3149834,,,,,,,,,,,,,,
16000,0.60115314,1.3330753,,,,,,,,,,,,,,
16100,0.52349913,1.3476723,,,,,,,,,,,,,,
16200,0.68131053,1.328159,,,,,,,,,,,,,,
16300,0.49257648,1.3638486,,,,,,,,,,,,,,
16400,0.5056813,1.3375114,,,,,,,,,,,,,,
16500,0.63464296,1.3216808,,,,,,,,,,,,,,
16600,0.54639244,1.2987279,,,,,,,,,,,,,,
16700,0.5398379,1.328969,,,,,,,,,,,,,,
16800,0.7207307,1.3266453,,,,,,,,,,,,,,
16900,0.59237295,1.3376782,,,,,,,,,,,,,,
16950,,,0.22629037,0.0866338613111835,0.51311344,0.1572646436950288,5348.0,0.30607492,0.1061889383137326,2472.0,14438.15297293663,15937.055542230606,14438.15297293663,1497.6522102355957,0.5024521350860596,0.0
17000,0.80760646,1.3715914,,,,,,,,,,,,,,
17100,0.60217685,1.3600492,,,,,,,,,,,,,,
17200,0.582601,1.3481451,,,,,,,,,,,,,,
17300,0.68015265,1.3393031,,,,,,,,,,,,,,
17400,0.65458006,1.3718408,,,,,,,,,,,,,,
17500,0.5853485,1.3642486,,,,,,,,,,,,,,
17600,0.5788618,1.2886461,,,,,,,,,,,,,,
17700,0.6192958,1.3574358,,,,,,,,,,,,,,
17800,0.5698546,1.2958022,,,,,,,,,,,,,,
17900,0.61929125,1.3773514,,,,,,,,,,,,,,
18000,0.56786686,1.270207,,,,,,,,,,,,,,
18100,0.5205222,1.2757801,,,,,,,,,,,,,,
18200,0.53421634,1.305323,,,,,,,,,,,,,,
18300,0.6188621,1.3006127,,,,,,,,,,,,,,
18400,0.61420846,1.355497,,,,,,,,,,,,,,
18500,0.7695962,1.3659345,,,,,,,,,,,,,,
18600,0.7727638,1.3018149,,,,,,,,,,,,,,
18641,,,0.20851934,0.0807911355209591,0.4994007,0.1518097647161049,5348.0,0.2961128,0.1002782686409522,2472.0,15878.68928694725,17512.57652759552,15878.68928694725,1632.5123000144958,0.5541045665740967,0.0
18700,0.6704474,1.2555434,,,,,,,,,,,,,,
18800,0.6259559,1.3227677,,,,,,,,,,,,,,
18900,0.7238377,1.2749603,,,,,,,,,,,,,,
19000,0.61578923,1.2956902,,,,,,,,,,,,,,
19100,0.60667676,1.2998425,,,,,,,,,,,,,,
19200,0.7298597,1.2458866,,,,,,,,,,,,,,
19300,0.5688267,1.3450209,,,,,,,,,,,,,,
19400,0.5793768,1.3078039,,,,,,,,,,,,,,
19500,0.5384698,1.273939,,,,,,,,,,,,,,
19600,0.5538669,1.2699944,,,,,,,,,,,,,,
19700,0.62594134,1.2719083,,,,,,,,,,,,,,
19800,0.5669018,1.2547182,,,,,,,,,,,,,,
19900,0.5205289,1.2516763,,,,,,,,,,,,,,
20000,0.6761799,1.2924631,,,,,,,,,,,,,,
20100,0.56589717,1.2704283,,,,,,,,,,,,,,
20200,0.5586852,1.2961222,,,,,,,,,,,,,,
20300,0.6640006,1.2985489,,,,,,,,,,,,,,
20329,,,0.22626519,0.0824587947463301,0.4777417,0.1465479787983818,5348.0,0.28475207,0.0978002559259033,2472.0,17319.13134288788,19089.508982419968,17319.13134288788,1768.872528076172,0.6105937957763672,0.0
20400,0.549619,1.2894028,,,,,,,,,,,,,,
20500,0.5486974,1.325713,,,,,,,,,,,,,,
20600,0.61517894,1.3026718,,,,,,,,,,,,,,
20700,0.6362325,1.2388824,,,,,,,,,,,,,,
20800,0.575729,1.2504686,,,,,,,,,,,,,,
20900,0.60904825,1.2642928,,,,,,,,,,,,,,
21000,0.59637535,1.3000385,,,,,,,,,,,,,,
21100,0.59017926,1.2320786,,,,,,,,,,,,,,
21200,0.62377405,1.3070861,,,,,,,,,,,,,,
21300,0.63610077,1.3238043,,,,,,,,,,,,,,
21400,0.55235714,1.257752,,,,,,,,,,,,,,
21500,0.73568386,1.3264353,,,,,,,,,,,,,,
21600,0.612646,1.197909,,,,,,,,,,,,,,
21700,0.4969876,1.2178062,,,,,,,,,,,,,,
21800,0.68148655,1.2463238,,,,,,,,,,,,,,
21900,0.66973436,1.2832487,,,,,,,,,,,,,,
22000,0.65265715,1.2249691,,,,,,,,,,,,,,
22034,,,0.20196249,0.078254877014419,0.47147408,0.1439701864313506,5348.0,0.27821675,0.0950378810960128,2472.0,18759.68219566345,20664.581153154373,18759.68219566345,1903.2603197097776,0.6675965785980225,0.0
22100,0.5805971,1.2293646,,,,,,,,,,,,,,
22200,0.65928996,1.2613475,,,,,,,,,,,,,,
22300,0.6623837,1.2638634,,,,,,,,,,,,,,
22400,0.48553473,1.2097131,,,,,,,,,,,,,,
22500,0.54018843,1.2380114,,,,,,,,,,,,,,
22600,0.6186895,1.2342718,,,,,,,,,,,,,,
22700,0.547232,1.2122651,,,,,,,,,,,,,,
22800,0.6059437,1.2325778,,,,,,,,,,,,,,
22900,0.76061726,1.2521249,,,,,,,,,,,,,,
23000,0.64875543,1.2149338,,,,,,,,,,,,,,
23100,0.5627293,1.1984445,,,,,,,,,,,,,,
23200,0.6080253,1.1904103,,,,,,,,,,,,,,
23300,0.66455644,1.2379916,,,,,,,,,,,,,,
23400,0.5895132,1.2288809,,,,,,,,,,,,,,
23500,0.51529384,1.2475975,,,,,,,,,,,,,,
23600,0.58130133,1.2829336,,,,,,,,,,,,,,
23700,0.58568084,1.1982374,,,,,,,,,,,,,,
23710,,,0.16809237,0.0668152726589335,0.46198797,0.1395483553298512,5348.0,0.26943246,0.0920723904698068,2472.0,20199.590856790543,22239.059130191803,20199.590856790543,2037.694198846817,0.728062629699707,0.0
23800,0.69697493,1.2081138,,,,,,,,,,,,,,
23900,0.5174456,1.1583941,,,,,,,,,,,,,,
24000,0.7043509,1.2344223,,,,,,,,,,,,,,
24100,0.78807455,1.2597001,,,,,,,,,,,,,,
24200,0.63635904,1.2532036,,,,,,,,,,,,,,
24300,0.49207833,1.201486,,,,,,,,,,,,,,
24400,0.640905,1.2076856,,,,,,,,,,,,,,
24500,0.5567183,1.2122111,,,,,,,,,,,,,,
24600,0.5148727,1.2285887,,,,,,,,,,,,,,
24700,0.6092707,1.1529406,,,,,,,,,,,,,,
24800,0.5184393,1.1736112,,,,,,,,,,,,,,
24900,0.7512158,1.2416828,,,,,,,,,,,,,,
25000,0.5687259,1.205705,,,,,,,,,,,,,,
25100,0.61179966,1.2200699,,,,,,,,,,,,,,
25200,0.50160456,1.2071117,,,,,,,,,,,,,,
25300,0.5530966,1.185429,,,,,,,,,,,,,,
25400,0.61391634,1.2098209,,,,,,,,,,,,,,
25401,,,0.1630345,0.063379154304254,0.4471465,0.1367291966363188,5348.0,0.26178136,0.0884163061361282,2472.0,21639.50814318657,23815.39300727844,21639.50814318657,2173.9809906482697,0.7831501960754395,0.0
25500,0.9166493,1.223579,,,,,,,,,,,,,,
25600,0.6337613,1.219455,,,,,,,,,,,,,,
25700,0.8079303,1.2514449,,,,,,,,,,,,,,
25800,0.61793184,1.1342789,,,,,,,,,,,,,,
25900,0.6445991,1.2269031,,,,,,,,,,,,,,
26000,0.7441361,1.218715,,,,,,,,,,,,,,
26100,0.6263691,1.2148691,,,,,,,,,,,,,,
26200,0.53205884,1.1701549,,,,,,,,,,,,,,
26300,0.5953626,1.2562577,,,,,,,,,,,,,,
26400,0.5826111,1.2286121,,,,,,,,,,,,,,
26500,0.65052176,1.1926923,,,,,,,,,,,,,,
26600,0.5224595,1.1947323,,,,,,,,,,,,,,
26700,0.81910634,1.2239329,,,,,,,,,,,,,,
26800,0.5337583,1.178704,,,,,,,,,,,,,,
26900,0.5074399,1.2026995,,,,,,,,,,,,,,
27000,0.664441,1.1399754,,,,,,,,,,,,,,
27100,0.78914654,1.1951346,,,,,,,,,,,,,,
27108,,,0.15664186,0.0624892287806979,0.43819365,0.1324328760246,5348.0,0.25654113,0.086669510287815,2472.0,23079.609487771988,25391.072680950165,23079.609487771988,2309.429753303528,0.8377275466918945,0.0
27200,0.56590813,1.177243,,,,,,,,,,,,,,
27300,0.673859,1.202368,,,,,,,,,,,,,,
27400,1.0111293,1.1681675,,,,,,,,,,,,,,
27500,0.770441,1.206738,,,,,,,,,,,,,,
27600,0.5122622,1.1551685,,,,,,,,,,,,,,
27700,0.5687718,1.1914198,,,,,,,,,,,,,,
27800,0.57449085,1.1566072,,,,,,,,,,,,,,
27900,0.58059293,1.2583866,,,,,,,,,,,,,,
28000,0.6431004,1.1948287,,,,,,,,,,,,,,
28100,0.59069616,1.1785674,,,,,,,,,,,,,,
28200,0.6205371,1.1583548,,,,,,,,,,,,,,
28300,0.58707553,1.1656395,,,,,,,,,,,,,,
28400,0.59553754,1.1342791,,,,,,,,,,,,,,
28500,0.5762793,1.1292074,,,,,,,,,,,,,,
28600,0.6509549,1.1859452,,,,,,,,,,,,,,
28700,0.88335216,1.1758181,,,,,,,,,,,,,,
28772,,,0.15958466,0.0610066966850886,0.42708495,0.1285034322291628,5348.0,0.24707821,0.0838258891393983,2472.0,24519.481394052505,26966.82464933396,24519.481394052505,2445.1812682151794,0.892916202545166,0.0
28800,0.7151203,1.160348,,,,,,,,,,,,,,
28900,0.7451649,1.1311616,,,,,,,,,,,,,,
29000,0.62357825,1.193385,,,,,,,,,,,,,,
29100,0.6492575,1.1629801,,,,,,,,,,,,,,
29200,0.5272592,1.1639025,,,,,,,,,,,,,,
29300,0.6746461,1.1353309,,,,,,,,,,,,,,
29400,0.6322565,1.143857,,,,,,,,,,,,,,
29500,0.9013431,1.1513458,,,,,,,,,,,,,,
29600,0.5815827,1.216545,,,,,,,,,,,,,,
29700,0.5478888,1.1869509,,,,,,,,,,,,,,
29800,0.5589346,1.2185172,,,,,,,,,,,,,,
29900,0.6255773,1.1289464,,,,,,,,,,,,,,
30000,0.5170187,1.1530285,,,,,,,,,,,,,,
30100,0.6018233,1.167984,,,,,,,,,,,,,,
30200,0.5793226,1.1620778,,,,,,,,,,,,,,
30300,0.6026954,1.1234152,,,,,,,,,,,,,,
30400,0.61504316,1.1451405,,,,,,,,,,,,,,
30461,,,0.15726769,0.0611525223303841,0.43288928,0.1284261950046825,5348.0,0.24584797,0.0836227733430828,2472.0,25959.4847984314,28543.738730192184,25959.4847984314,2581.9604048728943,0.948739767074585,0.0
30500,0.6186425,1.1493138,,,,,,,,,,,,,,
30600,0.588402,1.1788855,,,,,,,,,,,,,,
30700,0.61259675,1.165616,,,,,,,,,,,,,,
30800,0.7471274,1.1678578,,,,,,,,,,,,,,
30900,0.5579226,1.0987517,,,,,,,,,,,,,,
31000,0.66767216,1.1333532,,,,,,,,,,,,,,
31100,0.5725103,1.1330919,,,,,,,,,,,,,,
31200,0.57681084,1.1111461,,,,,,,,,,,,,,
31300,0.705403,1.156852,,,,,,,,,,,,,,
31400,0.62640905,1.1471418,,,,,,,,,,,,,,
31500,0.61063653,1.1895814,,,,,,,,,,,,,,
31600,0.7068593,1.1523336,,,,,,,,,,,,,,
31700,0.57678044,1.1745309,,,,,,,,,,,,,,
31800,0.663231,1.1571202,,,,,,,,,,,,,,
31900,0.59865665,1.119485,,,,,,,,,,,,,,
32000,0.6241699,1.1710443,,,,,,,,,,,,,,
32100,0.5689603,1.1676713,,,,,,,,,,,,,,
32179,,,0.14783192,0.0590605554319882,0.42411798,0.1266883574538748,5348.0,0.23941892,0.0809010216724554,2472.0,27399.63714241981,30121.05331158638,27399.63714241981,2718.995190382004,1.0019807815551758,0.0
32200,0.5602403,1.1009679,,,,,,,,,,,,,,
32300,0.6286982,1.0760571,,,,,,,,,,,,,,
32400,0.71934485,1.1187109,,,,,,,,,,,,,,
32500,0.73187786,1.1998949,,,,,,,,,,,,,,
32600,0.60579085,1.1008986,,,,,,,,,,,,,,
32700,0.73534894,1.1950096,,,,,,,,,,,,,,
32800,0.5975509,1.1603153,,,,,,,,,,,,,,
32900,0.6834257,1.1973754,,,,,,,,,,,,,,
33000,0.56203556,1.1207937,,,,,,,,,,,,,,
33100,0.5895259,1.1142442,,,,,,,,,,,,,,
33200,0.572151,1.0917493,,,,,,,,,,,,,,
33300,0.5859267,1.1702996,,,,,,,,,,,,,,
33400,0.5946757,1.1524959,,,,,,,,,,,,,,
33500,0.54743135,1.1177715,,,,,,,,,,,,,,
33600,0.5956205,1.1733745,,,,,,,,,,,,,,
33700,0.7441468,1.09299,,,,,,,,,,,,,,
33800,0.6428478,1.1558913,,,,,,,,,,,,,,
33870,,,0.14385405,0.0571283357173921,0.41215566,0.1227589136584376,5348.0,0.23393744,0.0776308573517762,2472.0,28839.877410888672,31696.38317656517,28839.877410888672,2853.9519302845,1.0594327449798584,0.0
33900,0.5874849,1.1540943,,,,,,,,,,,,,,
34000,0.5564159,1.1005697,,,,,,,,,,,,,,
34100,0.7158393,1.1348008,,,,,,,,,,,,,,
34200,0.6251712,1.1557233,,,,,,,,,,,,,,
34300,0.68193054,1.0730417,,,,,,,,,,,,,,
34400,0.70754296,1.1234136,,,,,,,,,,,,,,
34500,0.73848397,1.0718627,,,,,,,,,,,,,,
34600,0.69943315,1.1113293,,,,,,,,,,,,,,
34700,0.5924099,1.1258028,,,,,,,,,,,,,,
34800,0.6302768,1.1796027,,,,,,,,,,,,,,
34900,0.7396065,1.0649722,,,,,,,,,,,,,,
35000,0.67400146,1.0667043,,,,,,,,,,,,,,
35100,0.7006249,1.0962057,,,,,,,,,,,,,,
35200,0.6387809,1.082117,,,,,,,,,,,,,,
35300,0.67335165,1.1248047,,,,,,,,,,,,,,
35400,0.7638164,1.1701247,,,,,,,,,,,,,,
35500,0.72756064,1.1681685,,,,,,,,,,,,,,
35559,,,0.1265491,0.0511833648791855,0.4120602,0.122150670515655,5348.0,0.23113732,0.0759449962423577,2472.0,30280.39509201049,33274.03078866005,30280.39509201049,2990.9510576725006,1.1162869930267334,0.0
35600,0.64402753,1.0847819,,,,,,,,,,,,,,
35700,0.5681765,1.1676856,,,,,,,,,,,,,,
35800,0.64222306,1.1518257,,,,,,,,,,,,,,
35900,0.6022184,1.0859784,,,,,,,,,,,,,,
36000,0.82853645,1.1510168,,,,,,,,,,,,,,
36100,0.67280996,1.1296067,,,,,,,,,,,,,,
36200,0.5403161,1.0922285,,,,,,,,,,,,,,
36300,0.6269601,1.0977759,,,,,,,,,,,,,,
36400,0.6099674,1.124104,,,,,,,,,,,,,,
36500,0.65723866,1.1299529,,,,,,,,,,,,,,
36600,0.58547133,1.1819791,,,,,,,,,,,,,,
36700,0.642073,1.0541224,,,,,,,,,,,,,,
36800,0.6387783,1.0942925,,,,,,,,,,,,,,
36900,0.6335305,1.1064243,,,,,,,,,,,,,,
37000,0.7026819,1.0942389,,,,,,,,,,,,,,
37100,0.71491003,1.0772761,,,,,,,,,,,,,,
37200,0.72803974,1.0703789,,,,,,,,,,,,,,
37254,,,0.12382909,0.0480419862737182,0.40429664,0.1200266468424457,5348.0,0.22469771,0.0752747141145166,2472.0,31721.07645821572,34852.249284267426,31721.07645821572,3128.355121135712,1.1727495193481443,0.0
37300,0.6736642,1.1322842,,,,,,,,,,,,,,
37400,0.7124753,1.0797014,,,,,,,,,,,,,,
37500,0.6925102,1.0951654,,,,,,,,,,,,,,
37600,0.6790232,1.1229808,,,,,,,,,,,,,,
37700,0.6412305,1.0861202,,,,,,,,,,,,,,
37800,0.5913737,1.08477,,,,,,,,,,,,,,
37900,0.6070224,1.0638664,,,,,,,,,,,,,,
38000,0.61380494,1.1839646,,,,,,,,,,,,,,
38100,0.633556,1.1020898,,,,,,,,,,,,,,
38200,0.7276349,1.0824883,,,,,,,,,,,,,,
38300,0.6451633,1.0475212,,,,,,,,,,,,,,
38400,0.5655562,1.0851947,,,,,,,,,,,,,,
38500,0.78981483,1.1051381,,,,,,,,,,,,,,
38600,0.6390856,1.0840117,,,,,,,,,,,,,,
38700,0.61284035,1.0736579,,,,,,,,,,,,,,
38800,0.74759734,1.0666614,,,,,,,,,,,,,,
38900,0.590441,1.0969478,,,,,,,,,,,,,,
38930,,,0.13134545,0.051060376541874,0.39354557,0.1150062272512237,5348.0,0.2211299,0.0744013161903601,2472.0,33161.42921876907,36430.21849322319,33161.42921876907,3265.838086128235,1.232497215270996,0.0
39000,0.7055197,1.0932578,,,,,,,,,,,,,,
39100,0.6466262,1.0961802,,,,,,,,,,,,,,
39200,0.68785137,1.0711496,,,,,,,,,,,,,,
39300,0.63307595,1.0602473,,,,,,,,,,,,,,
39400,0.5716041,1.0205352,,,,,,,,,,,,,,
39500,0.6410467,1.0963382,,,,,,,,,,,,,,
39600,0.8332738,1.125874,,,,,,,,,,,,,,
39700,0.6727653,1.0607053,,,,,,,,,,,,,,
39800,0.6547374,1.0702939,,,,,,,,,,,,,,
39900,0.79006654,1.0700684,,,,,,,,,,,,,,
40000,0.7917741,1.0845922,,,,,,,,,,,,,,
40100,0.8075675,1.0625209,,,,,,,,,,,,,,
40200,0.61705625,1.0504131,,,,,,,,,,,,,,
40300,0.5847125,1.0457606,,,,,,,,,,,,,,
40400,0.7247006,1.0419775,,,,,,,,,,,,,,
40500,0.64833665,1.0667311,,,,,,,,,,,,,,
40600,0.82807344,1.0667032,,,,,,,,,,,,,,
40629,,,0.11861537,0.0469573080715363,0.38333464,0.1137414677003581,5348.0,0.21496634,0.0726138971827839,2472.0,34601.42512226105,38008.17625498772,34601.42512226105,3403.660226583481,1.2956340312957764,0.0
40700,0.5648111,1.0666698,,,,,,,,,,,,,,
40800,0.6018242,1.0974658,,,,,,,,,,,,,,
40900,0.61999035,1.0833138,,,,,,,,,,,,,,
41000,0.61532414,1.0737501,,,,,,,,,,,,,,
41100,0.6704471,1.0916777,,,,,,,,,,,,,,
41200,0.55105,1.0444491,,,,,,,,,,,,,,
41300,0.6118538,1.0676204,,,,,,,,,,,,,,
41400,0.59649664,1.0289135,,,,,,,,,,,,,,
41500,0.7711579,1.0646805,,,,,,,,,,,,,,
41600,0.69218546,1.1147534,,,,,,,,,,,,,,
41700,0.55663997,1.0594153,,,,,,,,,,,,,,
41800,0.6492468,1.023348,,,,,,,,,,,,,,
41900,0.6617255,1.0307981,,,,,,,,,,,,,,
42000,0.66012216,1.055512,,,,,,,,,,,,,,
42100,0.5705921,1.0841256,,,,,,,,,,,,,,
42200,0.6340205,1.0785524,,,,,,,,,,,,,,
42300,0.6191521,1.024026,,,,,,,,,,,,,,
42306,,,0.10947188,0.045603775520673,0.3845979,0.11188777431283,5348.0,0.21081606,0.0694452907602624,2472.0,36041.619644880295,39584.84460020065,36041.619644880295,3540.007214784622,1.3486223220825195,0.0
42400,0.6550483,1.0852424,,,,,,,,,,,,,,
42500,0.66557753,1.0725108,,,,,,,,,,,,,,
42600,0.5935478,1.0419191,,,,,,,,,,,,,,
42700,0.65062785,1.0218751,,,,,,,,,,,,,,
42800,0.68277454,1.0443165,,,,,,,,,,,,,,
42900,0.58965504,1.0506982,,,,,,,,,,,,,,
43000,0.67602515,1.0692823,,,,,,,,,,,,,,
43100,0.634008,1.0346928,,,,,,,,,,,,,,
43200,0.9602574,1.1055684,,,,,,,,,,,,,,
43300,0.58803076,1.0334524,,,,,,,,,,,,,,
43400,0.5670265,1.0183972,,,,,,,,,,,,,,
43500,0.80221033,1.0963311,,,,,,,,,,,,,,
43600,0.66565764,0.9814571,,,,,,,,,,,,,,
43700,0.689149,1.0527271,,,,,,,,,,,,,,
43800,0.6176579,1.0720408,,,,,,,,,,,,,,
43900,0.67586094,1.0528585,,,,,,,,,,,,,,
44000,0.76389545,1.0412468,,,,,,,,,,,,,,
44006,,,0.13150723,0.0486614122977759,0.38188517,0.1114629695781882,5348.0,0.21202654,0.0708671013344707,2472.0,37481.56066060066,41161.54116153717,37481.56066060066,3676.626125335693,1.4088342189788818,0.0
44100,0.6754455,1.0002624,,,,,,,,,,,,,,
44200,0.6104854,1.0359532,,,,,,,,,,,,,,
44300,0.64050096,1.0333246,,,,,,,,,,,,,,
44400,0.73057306,1.0471268,,,,,,,,,,,,,,
44500,0.8392003,1.0429835,,,,,,,,,,,,,,
44600,0.6984159,1.0614992,,,,,,,,,,,,,,
44700,0.6027176,1.049508,,,,,,,,,,,,,,
44800,0.6384572,1.0719911,,,,,,,,,,,,,,
44900,0.99413085,1.0071841,,,,,,,,,,,,,,
45000,0.56595355,1.011815,,,,,,,,,,,,,,
45100,0.6387747,1.0693179,,,,,,,,,,,,,,
45200,0.59842485,1.0649525,,,,,,,,,,,,,,
45300,0.5752027,0.98582375,,,,,,,,,,,,,,
45400,0.64889705,1.0252436,,,,,,,,,,,,,,
45500,0.674694,1.0336334,,,,,,,,,,,,,,
45600,0.8331981,1.0293968,,,,,,,,,,,,,,
45700,0.6871837,1.0258846,,,,,,,,,,,,,,
45720,,,0.08845052,0.0354513198104887,0.37528655,0.1092327447213184,5348.0,0.20303267,0.0677594296508439,2472.0,38921.45214056969,42739.1587574482,38921.45214056969,3814.218501806259,1.4656569957733154,0.0
45800,0.68145144,1.0594959,,,,,,,,,,,,,,
45900,0.8667367,1.0453011,,,,,,,,,,,,,,
46000,0.7303604,1.0531304,,,,,,,,,,,,,,
46100,0.7329361,1.0169618,,,,,,,,,,,,,,
46200,0.60707545,1.0187594,,,,,,,,,,,,,,
46300,0.6459404,0.98139113,,,,,,,,,,,,,,
46400,0.70275646,1.0184497,,,,,,,,,,,,,,
46500,0.6385241,0.99288565,,,,,,,,,,,,,,
46600,0.6043491,0.9812966,,,,,,,,,,,,,,
46700,1.0369595,1.0259824,,,,,,,,,,,,,,
46800,0.62802577,1.0012672,,,,,,,,,,,,,,
46900,0.6034769,1.0586534,,,,,,,,,,,,,,
47000,1.2185422,1.0353082,,,,,,,,,,,,,,
47100,0.6150561,1.03392,,,,,,,,,,,,,,
47200,0.86107624,1.0527198,,,,,,,,,,,,,,
47300,0.6614577,1.0458881,,,,,,,,,,,,,,
47396,,,0.09425022,0.0379273029531541,0.37133262,0.1077169641908918,5348.0,0.20532721,0.0674547559563707,2472.0,40362.0363907814,44316.29981398583,40362.0363907814,3950.640738248825,1.5266199111938477,0.0
47400,0.6439028,0.9953566,,,,,,,,,,,,,,
47500,0.72578377,1.0446826,,,,,,,,,,,,,,
47600,0.7720358,1.0005664,,,,,,,,,,,,,,
47700,0.7284093,1.0101016,,,,,,,,,,,,,,
47800,0.63701046,1.0397383,,,,,,,,,,,,,,
47900,0.7197431,0.9958561,,,,,,,,,,,,,,
48000,0.6257081,0.99510837,,,,,,,,,,,,,,
48100,0.8215084,1.0382249,,,,,,,,,,,,,,
48200,0.60410124,0.9889415,,,,,,,,,,,,,,
48300,0.6483383,0.98575014,,,,,,,,,,,,,,
48400,0.7168596,1.0951788,,,,,,,,,,,,,,
48500,0.7190543,1.0371379,,,,,,,,,,,,,,
48600,0.66834503,1.018832,,,,,,,,,,,,,,
48700,0.67608964,0.9961723,,,,,,,,,,,,,,
48800,0.638923,1.0429263,,,,,,,,,,,,,,
48900,0.75637543,1.0458336,,,,,,,,,,,,,,
49000,0.62746185,1.0054874,,,,,,,,,,,,,,
49093,,,0.11438162,0.0454195704267153,0.36344072,0.1061142917829247,5348.0,0.19545701,0.0655251558913736,2472.0,41801.95665073395,45891.41930747032,41801.95665073395,4085.706921339035,1.5839388370513916,0.0
49100,0.87068236,0.98749,,,,,,,,,,,,,,
49200,0.651473,0.9725657,,,,,,,,,,,,,,
49300,0.5806245,1.0006701,,,,,,,,,,,,,,
49400,0.6655047,1.0165824,,,,,,,,,,,,,,
49500,0.8799348,0.9816451,,,,,,,,,,,,,,
49600,0.67821485,0.9810542,,,,,,,,,,,,,,
49700,0.6564465,0.98688596,,,,,,,,,,,,,,
49800,0.7544104,1.0144047,,,,,,,,,,,,,,
49900,0.7191868,1.0120193,,,,,,,,,,,,,,
50000,0.65364957,0.9619228,,,,,,,,,,,,,,
50100,0.84033793,1.0004622,,,,,,,,,,,,,,
50200,0.6994443,0.94043857,,,,,,,,,,,,,,
50300,0.8394764,1.0323614,,,,,,,,,,,,,,
50400,0.61553097,0.9430158,,,,,,,,,,,,,,
50500,0.6946717,1.024108,,,,,,,,,,,,,,
50600,0.60413074,0.96499187,,,,,,,,,,,,,,
50700,0.79200923,0.964557,,,,,,,,,,,,,,
50786,,,0.117886096,0.0461131535607938,0.360941,0.1038454483138148,5348.0,0.19716543,0.0640830337375337,2472.0,43242.03401255608,47467.48012375832,43242.03401255608,4221.55396938324,1.6436846256256104,0.0
50800,0.74839085,1.008437,,,,,,,,,,,,,,
50900,0.7152194,0.96693146,,,,,,,,,,,,,,
51000,0.6541396,0.96383977,,,,,,,,,,,,,,
51100,0.67035455,0.90168065,,,,,,,,,,,,,,
51200,0.7173901,0.98834383,,,,,,,,,,,,,,
51300,0.7521891,1.0154581,,,,,,,,,,,,,,
51400,0.6621182,1.0051904,,,,,,,,,,,,,,
51500,0.70203257,0.9709142,,,,,,,,,,,,,,
51600,0.5675042,0.9787669,,,,,,,,,,,,,,
51700,0.701686,1.0182428,,,,,,,,,,,,,,
51800,0.5560744,0.97076505,,,,,,,,,,,,,,
51900,0.679988,0.95155674,,,,,,,,,,,,,,
52000,0.8154773,1.0341588,,,,,,,,,,,,,,
52100,0.6846823,0.9486356,,,,,,,,,,,,,,
52200,0.6491517,0.93860084,,,,,,,,,,,,,,
52300,0.59600455,0.959913,,,,,,,,,,,,,,
52400,0.7364766,0.98298097,,,,,,,,,,,,,,
52446,,,0.12866937,0.0515651104510859,0.3551715,0.1020110642324068,5348.0,0.19476175,0.0630065200170617,2472.0,44682.5635433197,49041.885318517685,44682.5635433197,4355.304067373276,1.6991455554962158,0.0
52500,0.7141628,0.949273,,,,,,,,,,,,,,
52600,0.81467193,0.9781568,,,,,,,,,,,,,,
52700,0.79078704,0.9828595,,,,,,,,,,,,,,
52800,0.79014343,0.97249544,,,,,,,,,,,,,,
52900,0.9044107,0.93161,,,,,,,,,,,,,,
53000,0.694623,0.9945844,,,,,,,,,,,,,,
53100,0.7494659,0.99459344,,,,,,,,,,,,,,
53200,0.70718,0.9522135,,,,,,,,,,,,,,
53300,0.64431936,0.9797659,,,,,,,,,,,,,,
53400,0.859068,1.018329,,,,,,,,,,,,,,
53500,0.800948,0.9696847,,,,,,,,,,,,,,
53600,0.76109785,0.92568827,,,,,,,,,,,,,,
53700,0.8341487,0.91380686,,,,,,,,,,,,,,
53800,0.7293624,0.98757046,,,,,,,,,,,,,,
53900,0.72645634,0.98945695,,,,,,,,,,,,,,
54000,0.8120272,0.9808908,,,,,,,,,,,,,,
54100,1.0013293,0.93997043,,,,,,,,,,,,,,
54122,,,0.111043565,0.0426047658175842,0.3560681,0.1020400281915869,5348.0,0.19035426,0.0630065200170617,2472.0,46123.199763059616,50617.27509188652,46123.199763059616,4489.92017698288,1.7626543045043943,0.0
54200,0.6491814,0.948506,,,,,,,,,,,,,,
54300,0.75824064,0.9293857,,,,,,,,,,,,,,
54400,0.5910126,0.93366224,,,,,,,,,,,,,,
54500,0.7435044,0.9880057,,,,,,,,,,,,,,
54600,0.72543055,0.89234865,,,,,,,,,,,,,,
54700,0.89003086,0.91775656,,,,,,,,,,,,,,
54800,0.71722656,0.9926499,,,,,,,,,,,,,,
54900,0.74215674,0.9312801,,,,,,,,,,,,,,
55000,0.61674786,0.93123883,,,,,,,,,,,,,,
55100,0.5923295,0.9369237,,,,,,,,,,,,,,
55200,0.62836033,0.9326364,,,,,,,,,,,,,,
55300,0.71774036,1.0329334,,,,,,,,,,,,,,
55400,0.8643996,0.9348357,,,,,,,,,,,,,,
55500,0.74267656,0.98278165,,,,,,,,,,,,,,
55600,0.7112723,0.9555249,,,,,,,,,,,,,,
55700,0.83547753,0.9731651,,,,,,,,,,,,,,
55800,0.7142565,0.9400157,,,,,,,,,,,,,,
55801,,,0.09821409,0.0392730909928691,0.3484534,0.0991629415796943,5348.0,0.18869571,0.0615034631243271,2472.0,47563.62722706795,52191.360865831375,47563.62722706795,4623.43222784996,1.8321900367736816,0.0
55900,0.733892,0.9600018,,,,,,,,,,,,,,
56000,0.6327806,0.90188515,,,,,,,,,,,,,,
56100,0.8838162,1.0228825,,,,,,,,,,,,,,
56200,0.8099607,0.93894047,,,,,,,,,,,,,,
56300,0.7454163,0.9248286,,,,,,,,,,,,,,
56400,0.7733307,0.9148472,,,,,,,,,,,,,,
56500,0.619835,0.9341851,,,,,,,,,,,,,,
56600,0.74736947,0.92468953,,,,,,,,,,,,,,
56700,0.65282345,0.88775134,,,,,,,,,,,,,,
56800,0.71358204,0.924757,,,,,,,,,,,,,,
56900,0.6890889,0.9359341,,,,,,,,,,,,,,
57000,0.6799377,0.8857979,,,,,,,,,,,,,,
57100,0.666831,0.9381341,,,,,,,,,,,,,,
57200,0.8646014,0.9493428,,,,,,,,,,,,,,
57300,1.2323813,0.9614601,,,,,,,,,,,,,,
57400,0.62687844,0.9723669,,,,,,,,,,,,,,
57473,,,0.081379846,0.0325830120631762,0.34315622,0.0966237678249032,5348.0,0.18406248,0.0598785367538033,2472.0,49004.61514925957,53768.96395373344,49004.61514925957,4759.919205904007,1.887025594711304,0.0
57500,0.68404806,0.928276,,,,,,,,,,,,,,
57600,0.7460336,0.93165773,,,,,,,,,,,,,,
57700,0.83782417,0.88081884,,,,,,,,,,,,,,
57800,0.77060574,0.8956276,,,,,,,,,,,,,,
57900,1.2625836,0.9206997,,,,,,,,,,,,,,
58000,0.925746,0.93055373,,,,,,,,,,,,,,
58100,0.89417297,0.92107743,,,,,,,,,,,,,,
58200,1.0961694,0.94582117,,,,,,,,,,,,,,
58300,0.7648321,1.0015417,,,,,,,,,,,,,,
58400,0.75309074,0.92634535,,,,,,,,,,,,,,
58500,0.7535281,0.90582085,,,,,,,,,,,,,,
58600,0.68900895,0.92730695,,,,,,,,,,,,,,
58700,0.8868058,0.9018335,,,,,,,,,,,,,,
58800,0.7575355,0.94667405,,,,,,,,,,,,,,
58900,0.7714675,0.88292915,,,,,,,,,,,,,,
59000,0.7340235,0.9430043,,,,,,,,,,,,,,
59100,0.7282586,0.88582957,,,,,,,,,,,,,,
59177,,,0.09032433,0.0367084051395039,0.34330922,0.0964886026820626,5348.0,0.18465194,0.0590254504092783,2472.0,50444.962716817856,55346.90739274025,50444.962716817856,4897.376502037048,1.9495971202850344,0.0
59200,0.76743686,0.9196762,,,,,,,,,,,,,,
59300,0.7053401,0.984058,,,,,,,,,,,,,,
59400,0.667693,0.9778828,,,,,,,,,,,,,,
59500,0.6191672,0.9079376,,,,,,,,,,,,,,
59600,0.8216526,0.9409453,,,,,,,,,,,,,,
59700,0.77807647,0.8819812,,,,,,,,,,,,,,
59800,0.6944193,0.87582725,,,,,,,,,,,,,,
59900,0.7173201,0.9499778,,,,,,,,,,,,,,
60000,1.2869773,0.9153295,,,,,,,,,,,,,,
60100,0.90728045,0.899471,,,,,,,,,,,,,,
60200,0.79289585,0.9104863,,,,,,,,,,,,,,
60300,0.70488864,0.9088611,,,,,,,,,,,,,,
60400,0.7391437,0.9410956,,,,,,,,,,,,,,
60500,0.6588365,0.92743313,,,,,,,,,,,,,,
60600,0.7174004,0.91829914,,,,,,,,,,,,,,
60700,0.7438734,0.9374275,,,,,,,,,,,,,,
60800,0.9669827,0.9426464,,,,,,,,,,,,,,
60853,,,0.076652534,0.0303122660678002,0.33885056,0.0949245488863357,5348.0,0.18213382,0.0579083135295431,2472.0,51885.22932291031,56927.25577759743,51885.22932291031,5037.317294836044,2.0173354148864746,0.0
60900,0.70021343,0.8876658,,,,,,,,,,,,,,
61000,0.65734285,0.93539953,,,,,,,,,,,,,,
61100,0.80570316,0.8888433,,,,,,,,,,,,,,
61200,0.68193656,0.8920339,,,,,,,,,,,,,,
61300,0.8622532,0.88675314,,,,,,,,,,,,,,
61400,0.72866356,0.85069126,,,,,,,,,,,,,,
61500,0.6772958,0.89481384,,,,,,,,,,,,,,
61600,0.76031786,0.9166474,,,,,,,,,,,,,,
61700,0.7055619,0.90620637,,,,,,,,,,,,,,
61800,0.6735383,0.91660047,,,,,,,,,,,,,,
61900,0.70183784,0.8592054,,,,,,,,,,,,,,
62000,0.7851539,0.8718181,,,,,,,,,,,,,,
62100,0.7328035,0.8725341,,,,,,,,,,,,,,
62200,0.7361255,0.9164847,,,,,,,,,,,,,,
62300,1.0747716,0.8836795,,,,,,,,,,,,,,
62400,0.7357288,0.88900214,,,,,,,,,,,,,,
62500,0.7209094,0.89327544,,,,,,,,,,,,,,
62543,,,0.07401633,0.0311466567874868,0.3358002,0.0939011556619712,5348.0,0.17903255,0.0567708650701765,2472.0,53326.08283543587,58502.95514130592,53326.08283543587,5172.018817186356,2.085672378540039,0.0
62600,0.8787725,0.8914157,,,,,,,,,,,,,,
62700,0.8611964,0.91171044,,,,,,,,,,,,,,
62800,0.7521568,0.87498456,,,,,,,,,,,,,,
62900,0.7542636,0.9128681,,,,,,,,,,,,,,
63000,0.8482347,0.8812664,,,,,,,,,,,,,,
63100,0.7307759,0.8817807,,,,,,,,,,,,,,
63200,0.8783412,0.89979595,,,,,,,,,,,,,,
63300,0.70135343,0.8944932,,,,,,,,,,,,,,
63400,0.7796948,0.91566557,,,,,,,,,,,,,,
63500,0.71412593,0.87521684,,,,,,,,,,,,,,
63600,0.8355614,0.91671145,,,,,,,,,,,,,,
63700,0.80816406,0.85671836,,,,,,,,,,,,,,
63800,0.72039896,0.8387845,,,,,,,,,,,,,,
63900,0.6769848,0.9243061,,,,,,,,,,,,,,
64000,0.70489025,0.8724912,,,,,,,,,,,,,,
64100,0.67169607,0.8781216,,,,,,,,,,,,,,
64200,0.65774494,0.87684715,,,,,,,,,,,,,,
64246,,,0.06872757,0.0277908723154675,0.33404937,0.0938721917027911,5348.0,0.17863517,0.056791176649808,2472.0,54766.469485759735,60079.09964752197,54766.469485759735,5307.635042190552,2.152307748794556,0.0
64300,0.6633666,0.89605254,,,,,,,,,,,,,,
64400,0.9713062,0.87811893,,,,,,,,,,,,,,
64500,0.71752405,0.8777287,,,,,,,,,,,,,,
64600,1.0949591,0.9105643,,,,,,,,,,,,,,
64700,0.94743234,0.91185486,,,,,,,,,,,,,,
64800,0.7860848,0.8697984,,,,,,,,,,,,,,
64900,0.924873,0.92012566,,,,,,,,,,,,,,
65000,1.0340639,0.9051635,,,,,,,,,,,,,,
65100,0.90245694,0.9465197,,,,,,,,,,,,,,
65200,0.8471844,0.89240444,,,,,,,,,,,,,,
65300,0.64472497,0.8866327,,,,,,,,,,,,,,
65400,0.8029539,0.8610492,,,,,,,,,,,,,,
65500,0.73311937,0.84292054,,,,,,,,,,,,,,
65600,1.118846,0.85999125,,,,,,,,,,,,,,
65700,0.851139,0.88673997,,,,,,,,,,,,,,
65800,1.3565806,0.9514309,,,,,,,,,,,,,,
65900,0.84802634,0.9149795,,,,,,,,,,,,,,
65915,,,0.07059194,0.0279766860949208,0.32888624,0.092018498315263,5348.0,0.17421615,0.055308431336705,2472.0,56206.48468470573,61654.99394798279,56206.48468470573,5443.378481864929,2.2151148319244385,0.0
66000,0.88820624,0.86654496,,,,,,,,,,,,,,
66100,0.7209201,0.86847305,,,,,,,,,,,,,,
66200,0.97331464,0.8231773,,,,,,,,,,,,,,
66300,1.3257278,0.84258544,,,,,,,,,,,,,,
66400,0.6604135,0.862137,,,,,,,,,,,,,,
66500,0.9200163,0.8924304,,,,,,,,,,,,,,
66600,0.82586336,0.8791917,,,,,,,,,,,,,,
66700,0.86752695,0.8355906,,,,,,,,,,,,,,
66800,0.6979774,0.83644056,,,,,,,,,,,,,,
66900,0.85586447,0.858346,,,,,,,,,,,,,,
67000,0.693603,0.8302991,,,,,,,,,,,,,,
67100,0.88259965,0.83086896,,,,,,,,,,,,,,
67200,0.9183953,0.8572434,,,,,,,,,,,,,,
67300,0.87591827,0.8609035,,,,,,,,,,,,,,
67400,0.9403868,0.88531744,,,,,,,,,,,,,,
67500,0.8703572,0.8539512,,,,,,,,,,,,,,
67587,,,0.07291302,0.0287140800271538,0.32705754,0.0905123724378964,5348.0,0.17488703,0.0552068734385473,2472.0,57647.05547738075,63231.67115473747,57647.05547738075,5579.349866390228,2.277138948440552,0.0
67600,0.96672404,0.8775531,,,,,,,,,,,,,,
67700,1.0544637,0.8913003,,,,,,,,,,,,,,
67800,0.827777,0.8760582,,,,,,,,,,,,,,
67900,1.1711329,0.8296404,,,,,,,,,,,,,,
68000,1.0182246,0.8348369,,,,,,,,,,,,,,
68100,0.7767883,0.8939506,,,,,,,,,,,,,,
68200,0.97493684,0.8635233,,,,,,,,,,,,,,
68300,0.9533008,0.87024003,,,,,,,,,,,,,,
68400,0.87926596,0.8529648,,,,,,,,,,,,,,
68500,0.76838374,0.8208502,,,,,,,,,,,,,,
68600,0.7636569,0.8620134,,,,,,,,,,,,,,
68700,1.0836555,0.81897056,,,,,,,,,,,,,,
68800,0.9803311,0.8633832,,,,,,,,,,,,,,
68900,0.7916733,0.86623305,,,,,,,,,,,,,,
69000,0.7488301,0.83503634,,,,,,,,,,,,,,
69100,0.67047715,0.85551304,,,,,,,,,,,,,,
69200,1.1284392,0.8836228,,,,,,,,,,,,,,
69280,,,0.060553554,0.0240735475310397,0.329274,0.0914102551724803,5348.0,0.1747135,0.0554506123941258,2472.0,59087.30037307739,64807.39521574974,59087.30037307739,5714.688037395477,2.3428428173065186,0.0
69300,0.83027,0.8275457,,,,,,,,,,,,,,
69400,0.8021144,0.88415277,,,,,,,,,,,,,,
69500,0.99604875,0.86745226,,,,,,,,,,,,,,
69600,0.7070279,0.85872954,,,,,,,,,,,,,,
69700,0.95793515,0.8268392,,,,,,,,,,,,,,
69800,0.72330725,0.80327415,,,,,,,,,,,,,,
69900,0.8440853,0.83773416,,,,,,,,,,,,,,
70000,0.81281567,0.8129536,,,,,,,,,,,,,,
70100,1.8709161,0.85021067,,,,,,,,,,,,,,
70200,0.8235543,0.83609957,,,,,,,,,,,,,,
70300,1.0553048,0.8416355,,,,,,,,,,,,,,
70400,0.71938413,0.855932,,,,,,,,,,,,,,
70500,0.7650009,0.8862864,,,,,,,,,,,,,,
70600,0.66972667,0.86247456,,,,,,,,,,,,,,
70700,1.0020465,0.8625535,,,,,,,,,,,,,,
70800,0.67762357,0.8824595,,,,,,,,,,,,,,
70900,0.84407884,0.84573597,,,,,,,,,,,,,,
70958,,,0.06268328,0.0241543389096271,0.3256981,0.0898944746420537,5348.0,0.17322181,0.0546178376292324,2472.0,60527.92716932297,66382.81089735031,60527.92716932297,5849.344304800034,2.4029757976531982,0.0
71000,1.1638241,0.886142,,,,,,,,,,,,,,
71100,0.75604934,0.8408685,,,,,,,,,,,,,,
71200,1.0618784,0.8796219,,,,,,,,,,,,,,
71300,0.8368022,0.85009956,,,,,,,,,,,,,,
71400,0.751754,0.86467546,,,,,,,,,,,,,,
71500,0.7519028,0.86581427,,,,,,,,,,,,,,
71600,1.4136654,0.81443995,,,,,,,,,,,,,,
71611,,,,,,,,,,,61068.90940284729,,,,,0.0
