global_step,grad_norm,loss,train/accuracy,train/loss,train/bleu,validation/accuracy,validation/loss,validation/bleu,validation/num_examples,test/accuracy,test/loss,test/bleu,test/num_examples,score,total_duration,accumulated_submission_time,accumulated_eval_time,accumulated_logging_time,preemption_count
0,4.7888966,11.135162,,,,,,,,,,,,,,,,,
1,,,0.0005809449939988,11.19240951538086,0.0,0.0004835649742744,11.190281867980955,0.0,3000.0,0.0007088489946909,11.191027641296388,0.0,3003.0,31.995970487594604,873.7377886772156,31.995970487594604,841.7417721748352,0.0,0.0
100,0.18685812,8.258305,,,,,,,,,,,,,,,,,
200,0.96242,7.5216694,,,,,,,,,,,,,,,,,
300,0.37346396,6.8933144,,,,,,,,,,,,,,,,,
400,0.5321248,6.3386793,,,,,,,,,,,,,,,,,
500,0.38655487,5.9003644,,,,,,,,,,,,,,,,,
600,0.5496124,5.615564,,,,,,,,,,,,,,,,,
700,0.62727594,5.336079,,,,,,,,,,,,,,,,,
800,0.52702785,5.06124,,,,,,,,,,,,,,,,,
900,0.4881948,4.889184,,,,,,,,,,,,,,,,,
1000,0.74749297,4.609756,,,,,,,,,,,,,,,,,
1100,0.68140274,4.337661,,,,,,,,,,,,,,,,,
1200,0.6069384,4.1046906,,,,,,,,,,,,,,,,,
1300,0.52492005,3.9454908,,,,,,,,,,,,,,,,,
1400,0.46002233,3.7745183,,,,,,,,,,,,,,,,,
1500,0.52612484,3.6036823,,,,,,,,,,,,,,,,,
1600,0.51676446,3.5289445,,,,,,,,,,,,,,,,,
1700,0.52693444,3.4295611,,,,,,,,,,,,,,,,,
1800,0.5184435,3.2781405,,,,,,,,,,,,,,,,,
1900,0.5212904,3.2703674,,,,,,,,,,,,,,,,,
2000,0.44549286,3.2209134,,,,,,,,,,,,,,,,,
2100,0.45205802,3.0577016,,,,,,,,,,,,,,,,,
2200,0.38764402,3.0401943,,,,,,,,,,,,,,,,,
2300,0.42471823,3.014045,,,,,,,,,,,,,,,,,
2343,,,0.5090352892875671,2.874778985977173,22.760860535397587,0.509181559085846,2.877437829971313,18.645719298845435,3000.0,0.5100807547569275,2.911456823348999,17.119625855590364,3003.0,872.1930792331696,2251.830168247223,872.1930792331696,1379.5385262966156,0.0206320285797119,0.0
2400,0.38534495,2.9670136,,,,,,,,,,,,,,,,,
2500,0.30748245,2.955076,,,,,,,,,,,,,,,,,
2600,0.3189297,2.8719404,,,,,,,,,,,,,,,,,
2700,0.29831645,2.8704045,,,,,,,,,,,,,,,,,
2800,0.2687663,2.6922119,,,,,,,,,,,,,,,,,
2900,0.2936276,2.8190198,,,,,,,,,,,,,,,,,
3000,0.27218738,2.7449796,,,,,,,,,,,,,,,,,
3100,0.24613503,2.6449745,,,,,,,,,,,,,,,,,
3200,0.26772994,2.5420196,,,,,,,,,,,,,,,,,
3300,0.31884214,2.5197976,,,,,,,,,,,,,,,,,
3400,0.2794606,2.5824146,,,,,,,,,,,,,,,,,
3500,0.20613354,2.4527884,,,,,,,,,,,,,,,,,
3600,0.31341657,2.4917493,,,,,,,,,,,,,,,,,
3700,0.22207393,2.3891866,,,,,,,,,,,,,,,,,
3800,0.27629593,2.4627666,,,,,,,,,,,,,,,,,
3900,0.2222386,2.5314398,,,,,,,,,,,,,,,,,
4000,0.20482816,2.4508045,,,,,,,,,,,,,,,,,
4100,0.20348887,2.416131,,,,,,,,,,,,,,,,,
4200,0.18092579,2.442455,,,,,,,,,,,,,,,,,
4300,0.18419796,2.4227068,,,,,,,,,,,,,,,,,
4400,0.1812954,2.4428048,,,,,,,,,,,,,,,,,
4500,0.159813,2.3343306,,,,,,,,,,,,,,,,,
4600,0.1606258,2.4408965,,,,,,,,,,,,,,,,,
4687,,,0.5762688517570496,2.2632884979248047,27.03187390595071,0.5884490013122559,2.1593129634857178,23.44131993452736,3000.0,0.5936436057090759,2.1284549236297607,22.072443389635552,3003.0,1712.265777349472,3552.374214172364,1712.265777349472,1839.9097967147827,0.0460519790649414,0.0
4700,0.17878298,2.3124852,,,,,,,,,,,,,,,,,
4800,0.20168667,2.2772775,,,,,,,,,,,,,,,,,
4900,0.21811934,2.3324416,,,,,,,,,,,,,,,,,
5000,0.16706789,2.2739477,,,,,,,,,,,,,,,,,
5100,0.15344226,2.2805712,,,,,,,,,,,,,,,,,
5200,0.17500062,2.2611787,,,,,,,,,,,,,,,,,
5300,0.16838075,2.2458963,,,,,,,,,,,,,,,,,
5400,0.15672554,2.3171299,,,,,,,,,,,,,,,,,
5500,0.19391814,2.2544098,,,,,,,,,,,,,,,,,
5600,0.21046458,2.3024116,,,,,,,,,,,,,,,,,
5700,0.1839806,2.200963,,,,,,,,,,,,,,,,,
5800,0.16498119,2.1547043,,,,,,,,,,,,,,,,,
5900,0.1686302,2.274933,,,,,,,,,,,,,,,,,
6000,0.15669721,2.106619,,,,,,,,,,,,,,,,,
6100,0.18010496,2.169141,,,,,,,,,,,,,,,,,
6200,0.17973836,2.2718005,,,,,,,,,,,,,,,,,
6300,0.16840094,2.1866355,,,,,,,,,,,,,,,,,
6400,0.14328931,2.221851,,,,,,,,,,,,,,,,,
6500,0.15303056,2.2233531,,,,,,,,,,,,,,,,,
6600,0.17749336,2.2111084,,,,,,,,,,,,,,,,,
6700,0.18292576,2.2364404,,,,,,,,,,,,,,,,,
6800,0.1884104,2.1450524,,,,,,,,,,,,,,,,,
6900,0.1521944,2.1917436,,,,,,,,,,,,,,,,,
7000,0.13756655,2.1504664,,,,,,,,,,,,,,,,,
7032,,,0.6044877767562866,2.010396242141724,29.150223633210214,0.6167561411857605,1.9335185289382928,25.14535870776252,3000.0,0.6223810315132141,1.891671061515808,23.71615737939061,3003.0,2552.231223344803,4832.6473343372345,2552.231223344803,2280.1172001361847,0.0716917514801025,0.0
7100,0.15741427,2.1359131,,,,,,,,,,,,,,,,,
7200,0.17119983,2.1363087,,,,,,,,,,,,,,,,,
7300,0.15575351,2.1074588,,,,,,,,,,,,,,,,,
7400,0.14584774,2.04824,,,,,,,,,,,,,,,,,
7500,0.17599548,2.119853,,,,,,,,,,,,,,,,,
7600,0.16963542,2.0993292,,,,,,,,,,,,,,,,,
7700,0.15262309,2.095829,,,,,,,,,,,,,,,,,
7800,0.18618609,2.0974147,,,,,,,,,,,,,,,,,
7900,0.16317701,2.0685186,,,,,,,,,,,,,,,,,
8000,0.1550961,2.0399647,,,,,,,,,,,,,,,,,
8100,0.17438753,2.0847538,,,,,,,,,,,,,,,,,
8200,0.15510274,1.9871409,,,,,,,,,,,,,,,,,
8300,0.18711115,2.1581063,,,,,,,,,,,,,,,,,
8400,0.15225714,2.0363278,,,,,,,,,,,,,,,,,
8500,0.18264143,2.048,,,,,,,,,,,,,,,,,
8600,0.15705176,2.07308,,,,,,,,,,,,,,,,,
8700,0.15137643,2.0829723,,,,,,,,,,,,,,,,,
8800,0.16348211,2.0173433,,,,,,,,,,,,,,,,,
8900,0.20630124,2.0726657,,,,,,,,,,,,,,,,,
9000,0.15900132,2.1057343,,,,,,,,,,,,,,,,,
9100,0.27442443,2.0262861,,,,,,,,,,,,,,,,,
9200,0.15003072,2.1361496,,,,,,,,,,,,,,,,,
9300,0.17086332,1.9988544,,,,,,,,,,,,,,,,,
9378,,,0.6121419668197632,1.9549943208694456,29.574920246863407,0.6282377243041992,1.8250943422317505,26.20106139743751,3000.0,0.637569010257721,1.7603546380996704,25.21416047743482,3003.0,3392.4043912887573,6102.503938674927,3392.4043912887573,2709.7009241580963,0.0972914695739746,0.0
9400,0.15948269,2.034294,,,,,,,,,,,,,,,,,
9500,0.15606415,2.0415466,,,,,,,,,,,,,,,,,
9600,0.19949298,2.0316892,,,,,,,,,,,,,,,,,
9700,0.15628844,1.9503477,,,,,,,,,,,,,,,,,
9800,0.1517764,2.010788,,,,,,,,,,,,,,,,,
9900,0.16330072,1.9813185,,,,,,,,,,,,,,,,,
10000,0.19039865,1.9610829,,,,,,,,,,,,,,,,,
10100,0.16356577,1.9509408,,,,,,,,,,,,,,,,,
10200,0.24637455,2.0077899,,,,,,,,,,,,,,,,,
10300,0.18859163,2.0000997,,,,,,,,,,,,,,,,,
10400,0.18146315,1.9353911,,,,,,,,,,,,,,,,,
10500,0.16627498,2.0649445,,,,,,,,,,,,,,,,,
10600,0.18481876,2.002929,,,,,,,,,,,,,,,,,
10700,0.16961901,2.1234114,,,,,,,,,,,,,,,,,
10800,0.21337038,2.0339208,,,,,,,,,,,,,,,,,
10900,0.2755026,1.9592687,,,,,,,,,,,,,,,,,
11000,0.19262335,2.0565,,,,,,,,,,,,,,,,,
11100,0.16552594,1.945133,,,,,,,,,,,,,,,,,
11200,0.26976967,2.028636,,,,,,,,,,,,,,,,,
11300,0.16098833,1.9432701,,,,,,,,,,,,,,,,,
11400,0.2088008,1.9318589,,,,,,,,,,,,,,,,,
11500,0.20093682,1.9709991,,,,,,,,,,,,,,,,,
11600,0.24372311,1.9679165,,,,,,,,,,,,,,,,,
11700,0.16943625,2.131793,,,,,,,,,,,,,,,,,
11725,,,0.6145750284194946,1.9365715980529783,29.91781370647072,0.637115478515625,1.762860894203186,26.47492510250528,3000.0,0.6475510001182556,1.691665768623352,25.765832245270712,3003.0,4232.526937961578,7420.881967782974,4232.526937961578,3187.856215953827,0.1250281333923339,0.0
11800,0.19299786,1.9435652,,,,,,,,,,,,,,,,,
11900,0.19177203,1.9948642,,,,,,,,,,,,,,,,,
12000,0.19380726,2.0223718,,,,,,,,,,,,,,,,,
12100,0.32464722,1.8829199,,,,,,,,,,,,,,,,,
12200,0.3261016,1.9506898,,,,,,,,,,,,,,,,,
12300,0.18007453,1.9872506,,,,,,,,,,,,,,,,,
12400,0.1867361,1.9227327,,,,,,,,,,,,,,,,,
12500,0.18372163,1.9609296,,,,,,,,,,,,,,,,,
12600,0.2474267,1.947903,,,,,,,,,,,,,,,,,
12700,0.18589826,1.9663815,,,,,,,,,,,,,,,,,
12800,0.21002194,1.8960721,,,,,,,,,,,,,,,,,
12900,0.22048198,1.9725013,,,,,,,,,,,,,,,,,
13000,0.22932272,2.0149887,,,,,,,,,,,,,,,,,
13100,0.1650691,1.9739808,,,,,,,,,,,,,,,,,
13200,0.18398994,2.0148518,,,,,,,,,,,,,,,,,
13300,0.16636169,1.908425,,,,,,,,,,,,,,,,,
13400,0.18250243,1.9699087,,,,,,,,,,,,,,,,,
13500,0.17617689,1.9234947,,,,,,,,,,,,,,,,,
13600,0.22459672,1.8980935,,,,,,,,,,,,,,,,,
13700,0.20858337,1.939027,,,,,,,,,,,,,,,,,
13800,0.23441917,1.9721227,,,,,,,,,,,,,,,,,
13900,0.21487305,1.9795762,,,,,,,,,,,,,,,,,
14000,0.19251344,1.8942231,,,,,,,,,,,,,,,,,
14071,,,0.6287801861763,1.8265225887298584,30.57407513299764,0.6427942514419556,1.715195655822754,27.20454930807229,3000.0,0.6514670848846436,1.646348476409912,26.01923512162698,3003.0,5072.729242563248,8713.320725440979,5072.729242563248,3639.9922440052032,0.1513416767120361,0.0
14100,0.2259567,1.9074196,,,,,,,,,,,,,,,,,
14200,0.19489041,1.9385623,,,,,,,,,,,,,,,,,
14300,0.19261551,1.8345453,,,,,,,,,,,,,,,,,
14400,0.18551949,1.9216746,,,,,,,,,,,,,,,,,
14500,0.25239912,1.9042337,,,,,,,,,,,,,,,,,
14600,0.20123573,1.9235452,,,,,,,,,,,,,,,,,
14700,0.20805867,1.8697629,,,,,,,,,,,,,,,,,
14800,0.22569942,1.918207,,,,,,,,,,,,,,,,,
14900,0.18403183,1.9384322,,,,,,,,,,,,,,,,,
15000,0.27031374,1.8427008,,,,,,,,,,,,,,,,,
15100,0.43428195,1.8668869,,,,,,,,,,,,,,,,,
15200,0.25541812,2.0331514,,,,,,,,,,,,,,,,,
15300,0.18441011,1.9454823,,,,,,,,,,,,,,,,,
15400,0.27476567,1.8144937,,,,,,,,,,,,,,,,,
15500,0.18747443,1.9472835,,,,,,,,,,,,,,,,,
15600,0.2178138,1.9471588,,,,,,,,,,,,,,,,,
15700,0.22743402,1.8543656,,,,,,,,,,,,,,,,,
15800,0.22701001,1.9239228,,,,,,,,,,,,,,,,,
15900,0.19915795,1.9929588,,,,,,,,,,,,,,,,,
16000,0.20067991,1.919977,,,,,,,,,,,,,,,,,
16100,0.18112351,1.9777583,,,,,,,,,,,,,,,,,
16200,0.22324155,1.8369496,,,,,,,,,,,,,,,,,
16300,0.18751463,1.8707792,,,,,,,,,,,,,,,,,
16400,0.22801748,1.8889257,,,,,,,,,,,,,,,,,
16415,,,0.6283307075500488,1.83135998249054,30.64059289155258,0.6439225673675537,1.6987574100494385,26.862268504080657,3000.0,0.6555575132369995,1.6271188259124756,25.974975993637944,3003.0,5912.799705505371,10050.71216583252,5912.799705505371,4137.209697246552,0.1788101196289062,0.0
16500,0.19168392,1.8944546,,,,,,,,,,,,,,,,,
16600,0.18028854,1.8714925,,,,,,,,,,,,,,,,,
16700,0.21673459,1.827632,,,,,,,,,,,,,,,,,
16800,0.32905844,1.9375628,,,,,,,,,,,,,,,,,
16900,0.17095484,1.8538553,,,,,,,,,,,,,,,,,
17000,0.30413932,1.9551129,,,,,,,,,,,,,,,,,
17100,0.18689881,1.920831,,,,,,,,,,,,,,,,,
17200,0.25903174,1.835474,,,,,,,,,,,,,,,,,
17300,0.18089585,1.919566,,,,,,,,,,,,,,,,,
17400,0.22248247,1.8451779,,,,,,,,,,,,,,,,,
17500,0.21495196,1.8623242,,,,,,,,,,,,,,,,,
17600,0.17660442,1.9294347,,,,,,,,,,,,,,,,,
17700,0.1857388,1.8086149,,,,,,,,,,,,,,,,,
17800,0.20398095,1.8966993,,,,,,,,,,,,,,,,,
17900,0.21636428,1.881545,,,,,,,,,,,,,,,,,
18000,0.18332046,1.8806286,,,,,,,,,,,,,,,,,
18100,0.19860761,1.9025455,,,,,,,,,,,,,,,,,
18200,0.32581905,1.881779,,,,,,,,,,,,,,,,,
18300,0.19998701,1.8637553,,,,,,,,,,,,,,,,,
18400,0.23852296,1.8522774,,,,,,,,,,,,,,,,,
18500,0.21204522,1.8945534,,,,,,,,,,,,,,,,,
18600,0.3600626,1.8898067,,,,,,,,,,,,,,,,,
18700,0.23509778,1.8485281,,,,,,,,,,,,,,,,,
18760,,,0.6313144564628601,1.8021981716156008,30.3301787042636,0.6500601172447205,1.666564702987671,27.40282885917218,3000.0,0.6605310440063477,1.594834566116333,26.84595365712397,3003.0,6752.885207414627,11451.534358024595,6752.885207414627,4697.838307380676,0.2108919620513916,0.0
18800,0.26309657,1.8952817,,,,,,,,,,,,,,,,,
18900,0.16933553,1.792977,,,,,,,,,,,,,,,,,
19000,0.19731203,1.89367,,,,,,,,,,,,,,,,,
19100,0.20182426,1.886162,,,,,,,,,,,,,,,,,
19200,0.18071012,1.8231096,,,,,,,,,,,,,,,,,
19300,0.18525589,1.8299216,,,,,,,,,,,,,,,,,
19400,0.17096913,1.9370931,,,,,,,,,,,,,,,,,
19500,0.18194193,1.9279586,,,,,,,,,,,,,,,,,
19600,0.16404556,1.873807,,,,,,,,,,,,,,,,,
19700,0.19296554,1.974808,,,,,,,,,,,,,,,,,
19800,0.18945457,1.8424404,,,,,,,,,,,,,,,,,
19900,0.2651709,1.8850687,,,,,,,,,,,,,,,,,
20000,0.2382924,1.9226617,,,,,,,,,,,,,,,,,
20100,0.20669115,1.8042585,,,,,,,,,,,,,,,,,
20200,0.17859894,1.883004,,,,,,,,,,,,,,,,,
20300,0.19017923,1.8991706,,,,,,,,,,,,,,,,,
20400,0.18295076,1.969417,,,,,,,,,,,,,,,,,
20500,0.20950745,1.8446984,,,,,,,,,,,,,,,,,
20600,0.20509118,1.8861467,,,,,,,,,,,,,,,,,
20700,0.19239403,1.8261312,,,,,,,,,,,,,,,,,
20800,0.17433311,1.8557794,,,,,,,,,,,,,,,,,
20900,0.19420642,1.7814207,,,,,,,,,,,,,,,,,
21000,0.18902075,1.8581011,,,,,,,,,,,,,,,,,
21100,0.28606868,1.9276793,,,,,,,,,,,,,,,,,
21106,,,0.6347932815551758,1.7635672092437744,31.21414025678416,0.6517339944839478,1.6439547538757324,27.60810916818256,3000.0,0.6628551483154297,1.5742295980453491,26.80578598178156,3003.0,7592.865230083466,12941.91342139244,7592.865230083466,5348.135931015015,0.2389867305755615,0.0
21200,0.23836564,1.9169735,,,,,,,,,,,,,,,,,
21300,0.3339751,1.8891654,,,,,,,,,,,,,,,,,
21400,0.2091005,1.9094594,,,,,,,,,,,,,,,,,
21500,0.20648941,1.9347696,,,,,,,,,,,,,,,,,
21600,0.23036756,1.7959913,,,,,,,,,,,,,,,,,
21700,0.22284392,1.789917,,,,,,,,,,,,,,,,,
21800,0.2357067,1.8270645,,,,,,,,,,,,,,,,,
21900,0.2357323,1.921053,,,,,,,,,,,,,,,,,
22000,0.3156456,1.8220754,,,,,,,,,,,,,,,,,
22100,0.2289592,1.9504869,,,,,,,,,,,,,,,,,
22200,0.20287976,1.9047054,,,,,,,,,,,,,,,,,
22300,0.1946413,1.7941718,,,,,,,,,,,,,,,,,
22400,0.2060197,1.8091567,,,,,,,,,,,,,,,,,
22500,0.19046071,1.8156615,,,,,,,,,,,,,,,,,
22600,0.22814527,1.8110029,,,,,,,,,,,,,,,,,
22700,0.20869534,1.9390515,,,,,,,,,,,,,,,,,
22800,0.31685546,1.8307841,,,,,,,,,,,,,,,,,
22900,0.18177359,1.8436993,,,,,,,,,,,,,,,,,
23000,0.23401515,1.840375,,,,,,,,,,,,,,,,,
23100,0.22222683,1.8536413,,,,,,,,,,,,,,,,,
23200,0.18510558,1.8739874,,,,,,,,,,,,,,,,,
23300,0.2238487,1.8930633,,,,,,,,,,,,,,,,,
23400,6.3827443,2.4910705,,,,,,,,,,,,,,,,,
23452,,,0.6305269598960876,1.790299415588379,30.61069211527252,0.6529738903045654,1.6360857486724854,27.64664612249136,3000.0,0.6636337637901306,1.5664596557617188,27.270381340846026,3003.0,8432.95629954338,14270.456376552582,8432.95629954338,5836.484181642532,0.2676777839660644,0.0
23500,0.17045893,1.7641804,,,,,,,,,,,,,,,,,
23600,0.23988204,1.9193158,,,,,,,,,,,,,,,,,
23700,0.21657166,1.8794422,,,,,,,,,,,,,,,,,
23800,0.20052099,1.8281133,,,,,,,,,,,,,,,,,
23900,0.16866231,1.785902,,,,,,,,,,,,,,,,,
24000,0.21708563,1.7933279,,,,,,,,,,,,,,,,,
24100,0.19791766,1.8165357,,,,,,,,,,,,,,,,,
24200,0.19598746,1.8536882,,,,,,,,,,,,,,,,,
24300,0.21639067,1.8194848,,,,,,,,,,,,,,,,,
24400,0.20462598,1.8030485,,,,,,,,,,,,,,,,,
24500,0.2203179,1.7952309,,,,,,,,,,,,,,,,,
24600,0.21170707,1.7590357,,,,,,,,,,,,,,,,,
24700,0.21424776,1.812214,,,,,,,,,,,,,,,,,
24800,0.20844056,1.8054489,,,,,,,,,,,,,,,,,
24900,0.2321738,1.860269,,,,,,,,,,,,,,,,,
25000,0.18752253,1.8269426,,,,,,,,,,,,,,,,,
25100,0.19087537,1.8221353,,,,,,,,,,,,,,,,,
25200,0.22619385,1.7682761,,,,,,,,,,,,,,,,,
25300,0.31541345,1.968707,,,,,,,,,,,,,,,,,
25400,0.21681146,1.8550248,,,,,,,,,,,,,,,,,
25500,0.27070764,1.824899,,,,,,,,,,,,,,,,,
25600,0.17383806,1.8195752,,,,,,,,,,,,,,,,,
25700,0.22176531,1.8360695,,,,,,,,,,,,,,,,,
25798,,,0.642456591129303,1.7020819187164309,31.55244803474688,0.6566688418388367,1.6203370094299316,28.153017370131508,3000.0,0.6658416390419006,1.5436705350875854,27.35816931986309,3003.0,9273.077693939207,15630.35198712349,9273.077693939207,6356.156872987747,0.2959790229797363,0.0
25800,0.20706162,1.9117371,,,,,,,,,,,,,,,,,
25900,0.24203022,1.8343604,,,,,,,,,,,,,,,,,
26000,0.4100331,1.791838,,,,,,,,,,,,,,,,,
26100,0.17836483,1.8179181,,,,,,,,,,,,,,,,,
26200,0.22213076,1.8291157,,,,,,,,,,,,,,,,,
26300,0.19323055,1.8190931,,,,,,,,,,,,,,,,,
26400,0.18291235,1.8443815,,,,,,,,,,,,,,,,,
26500,0.3473539,1.7880852,,,,,,,,,,,,,,,,,
26600,0.24834861,1.7640507,,,,,,,,,,,,,,,,,
26700,0.21725781,1.8565086,,,,,,,,,,,,,,,,,
26800,0.21435867,1.8730544,,,,,,,,,,,,,,,,,
26900,0.21718098,1.8192893,,,,,,,,,,,,,,,,,
27000,0.22169137,1.8015774,,,,,,,,,,,,,,,,,
27100,0.18295865,1.7836173,,,,,,,,,,,,,,,,,
27200,0.27652103,1.7829406,,,,,,,,,,,,,,,,,
27300,0.21197686,1.7476237,,,,,,,,,,,,,,,,,
27400,0.19959001,1.8090566,,,,,,,,,,,,,,,,,
27500,0.19807385,1.8131373,,,,,,,,,,,,,,,,,
27600,0.22288099,1.8328172,,,,,,,,,,,,,,,,,
27700,0.17498775,1.8157561,,,,,,,,,,,,,,,,,
27800,0.19066246,1.8289697,,,,,,,,,,,,,,,,,
27900,0.21260749,1.7640342,,,,,,,,,,,,,,,,,
28000,0.2154235,1.9628257,,,,,,,,,,,,,,,,,
28100,0.17567438,1.739371,,,,,,,,,,,,,,,,,
28144,,,0.6392359733581543,1.7401916980743408,31.22346015081715,0.6564580798149109,1.6131483316421509,27.81124516471783,3000.0,0.6691185832023621,1.5272434949874878,27.576740566813548,3003.0,10113.140311479568,16915.07120656967,10113.140311479568,6800.711962461472,0.3239438533782959,0.0
28200,0.18076892,1.7793554,,,,,,,,,,,,,,,,,
28300,0.21029496,1.8100529,,,,,,,,,,,,,,,,,
28400,0.22605468,1.7805591,,,,,,,,,,,,,,,,,
28500,3.174215,1.7447762,,,,,,,,,,,,,,,,,
28600,0.23555714,1.930266,,,,,,,,,,,,,,,,,
28700,0.20933232,1.8221877,,,,,,,,,,,,,,,,,
28800,0.19860414,1.846551,,,,,,,,,,,,,,,,,
28900,0.25466603,1.9100012,,,,,,,,,,,,,,,,,
29000,0.18691987,1.7661314,,,,,,,,,,,,,,,,,
29100,0.1827215,1.783478,,,,,,,,,,,,,,,,,
29200,0.263723,1.8935307,,,,,,,,,,,,,,,,,
29300,0.23065884,1.8233191,,,,,,,,,,,,,,,,,
29400,0.20848933,1.9110045,,,,,,,,,,,,,,,,,
29500,0.21788648,1.7372627,,,,,,,,,,,,,,,,,
29600,0.18156002,1.7840326,,,,,,,,,,,,,,,,,
29700,0.29384616,1.8260708,,,,,,,,,,,,,,,,,
29800,0.19003904,1.8212433,,,,,,,,,,,,,,,,,
29900,0.20062125,1.7856021,,,,,,,,,,,,,,,,,
30000,0.2493965,1.8017997,,,,,,,,,,,,,,,,,
30100,0.19754262,1.8368188,,,,,,,,,,,,,,,,,
30200,0.2444474,1.7743813,,,,,,,,,,,,,,,,,
30300,0.21561329,1.7699265,,,,,,,,,,,,,,,,,
30400,0.19283074,1.8522072,,,,,,,,,,,,,,,,,
30490,,,0.6276158094406128,1.8166896104812624,29.77989999011368,0.6502957344055176,1.6435110569000244,26.92453743681419,3000.0,0.6619836091995239,1.5729281902313232,26.57815801463406,3003.0,10953.335748672484,18238.866058826447,10953.335748672484,7284.199323177338,0.3592972755432129,0.0
30500,5.5681243,1.9024951,,,,,,,,,,,,,,,,,
30600,0.1762477,1.745751,,,,,,,,,,,,,,,,,
30700,0.20330803,1.8262799,,,,,,,,,,,,,,,,,
30800,0.18275273,1.7535019,,,,,,,,,,,,,,,,,
30900,0.20094572,1.7594544,,,,,,,,,,,,,,,,,
31000,0.23705593,1.7864937,,,,,,,,,,,,,,,,,
31100,0.2525908,1.7903414,,,,,,,,,,,,,,,,,
31200,0.19757006,1.7577715,,,,,,,,,,,,,,,,,
31300,0.19945024,1.835347,,,,,,,,,,,,,,,,,
31400,0.20428573,1.8171418,,,,,,,,,,,,,,,,,
31500,0.28779924,1.7696549,,,,,,,,,,,,,,,,,
31600,0.21218912,1.7576557,,,,,,,,,,,,,,,,,
31700,0.23372601,1.8551126,,,,,,,,,,,,,,,,,
31800,0.6996106,1.845931,,,,,,,,,,,,,,,,,
31900,0.1745987,1.7898285,,,,,,,,,,,,,,,,,
32000,0.2042335,1.8009244,,,,,,,,,,,,,,,,,
32100,0.2672747,1.8215456,,,,,,,,,,,,,,,,,
32200,0.20484968,1.8060519,,,,,,,,,,,,,,,,,
32300,0.18854423,1.7169956,,,,,,,,,,,,,,,,,
32400,0.20492482,1.9315645,,,,,,,,,,,,,,,,,
32500,0.24452825,1.766243,,,,,,,,,,,,,,,,,
32600,0.20817724,1.7570751,,,,,,,,,,,,,,,,,
32700,0.2853433,1.7759101,,,,,,,,,,,,,,,,,
32800,0.21414846,1.8871819,,,,,,,,,,,,,,,,,
32836,,,0.6437987089157104,1.7077805995941162,31.70166116605699,0.6607481837272644,1.5932337045669556,28.223498811079704,3000.0,0.6721515655517578,1.512355923652649,27.20909834912664,3003.0,11793.542217969894,19616.90053844452,11793.542217969894,7821.921438455582,0.3904638290405273,0.0
32900,0.18479995,1.79666,,,,,,,,,,,,,,,,,
33000,0.19966385,1.812956,,,,,,,,,,,,,,,,,
33100,0.20532452,1.8430041,,,,,,,,,,,,,,,,,
33200,0.19837329,1.908799,,,,,,,,,,,,,,,,,
33300,0.20254552,1.7861573,,,,,,,,,,,,,,,,,
33400,0.25749224,1.8102032,,,,,,,,,,,,,,,,,
33500,0.26306403,1.8874007,,,,,,,,,,,,,,,,,
33600,0.21605009,1.7826391,,,,,,,,,,,,,,,,,
33700,0.19652596,1.7577999,,,,,,,,,,,,,,,,,
33800,0.19982381,1.7869406,,,,,,,,,,,,,,,,,
33900,0.21045688,1.828163,,,,,,,,,,,,,,,,,
34000,0.19987884,1.7865385,,,,,,,,,,,,,,,,,
34100,0.22584057,1.76977,,,,,,,,,,,,,,,,,
34200,0.21825661,1.8805916,,,,,,,,,,,,,,,,,
34300,0.20363195,1.8579702,,,,,,,,,,,,,,,,,
34400,0.20549515,1.7433318,,,,,,,,,,,,,,,,,
34500,0.20960517,1.8462212,,,,,,,,,,,,,,,,,
34600,0.20955914,1.76705,,,,,,,,,,,,,,,,,
34700,0.17861855,1.7584953,,,,,,,,,,,,,,,,,
34800,0.1748026,1.8298705,,,,,,,,,,,,,,,,,
34900,0.29693308,1.8720503,,,,,,,,,,,,,,,,,
35000,0.19638358,1.774249,,,,,,,,,,,,,,,,,
35100,0.22838004,1.8214552,,,,,,,,,,,,,,,,,
35182,,,0.644922137260437,1.709308624267578,31.362425620829725,0.6612069010734558,1.584161639213562,28.02851951476708,3000.0,0.6742432117462158,1.504552960395813,27.942357040831503,3003.0,12633.712213754654,21078.17825651169,12633.712213754654,8442.923906326294,0.4212970733642578,0.0
35200,0.19877875,1.8223343,,,,,,,,,,,,,,,,,
35300,0.20674354,1.7589338,,,,,,,,,,,,,,,,,
35400,0.19075869,1.7660543,,,,,,,,,,,,,,,,,
35500,0.2086413,1.8752773,,,,,,,,,,,,,,,,,
35600,0.20241134,1.7918756,,,,,,,,,,,,,,,,,
35700,0.20265692,1.8315095,,,,,,,,,,,,,,,,,
35800,0.18528146,1.7253472,,,,,,,,,,,,,,,,,
35900,0.19548748,1.7911658,,,,,,,,,,,,,,,,,
36000,0.18758243,1.7314721,,,,,,,,,,,,,,,,,
36100,0.22477005,1.8338084,,,,,,,,,,,,,,,,,
36200,0.2283963,1.7811291,,,,,,,,,,,,,,,,,
36300,0.18528877,1.7700027,,,,,,,,,,,,,,,,,
36400,0.18171887,1.763109,,,,,,,,,,,,,,,,,
36500,0.2013964,1.8402996,,,,,,,,,,,,,,,,,
36600,0.26814285,1.7714994,,,,,,,,,,,,,,,,,
36700,0.26776657,1.7551368,,,,,,,,,,,,,,,,,
36800,0.21745001,1.7603782,,,,,,,,,,,,,,,,,
36900,0.26868594,1.8481077,,,,,,,,,,,,,,,,,
37000,0.22690384,1.8222505,,,,,,,,,,,,,,,,,
37100,0.2645881,1.685908,,,,,,,,,,,,,,,,,
37200,0.18875156,1.8020962,,,,,,,,,,,,,,,,,
37300,0.18830413,1.7778585,,,,,,,,,,,,,,,,,
37400,0.20083296,1.8148464,,,,,,,,,,,,,,,,,
37500,0.20760328,1.8339949,,,,,,,,,,,,,,,,,
37528,,,0.6506013870239258,1.6590782403945925,32.2079672733254,0.6631659865379333,1.5785056352615356,28.21083540443361,3000.0,0.6755679845809937,1.4972996711730957,27.54270861029842,3003.0,13473.850688695908,22409.57164978981,13473.850688695908,8934.070060491562,0.4525520801544189,0.0
37600,0.19701831,1.7720242,,,,,,,,,,,,,,,,,
37700,0.21234682,1.7855345,,,,,,,,,,,,,,,,,
37800,0.19926868,1.827204,,,,,,,,,,,,,,,,,
37900,0.1883506,1.8506463,,,,,,,,,,,,,,,,,
38000,0.20681657,1.803083,,,,,,,,,,,,,,,,,
38100,0.1950847,1.8002517,,,,,,,,,,,,,,,,,
38200,0.20846272,1.768793,,,,,,,,,,,,,,,,,
38300,0.19020003,1.7859813,,,,,,,,,,,,,,,,,
38400,0.2426664,1.762155,,,,,,,,,,,,,,,,,
38500,0.20442168,1.7699716,,,,,,,,,,,,,,,,,
38600,0.24533637,1.8402582,,,,,,,,,,,,,,,,,
38700,0.21066166,1.7034053,,,,,,,,,,,,,,,,,
38800,0.23147005,1.7507555,,,,,,,,,,,,,,,,,
38900,0.18041532,1.7361503,,,,,,,,,,,,,,,,,
39000,0.20102099,1.8159641,,,,,,,,,,,,,,,,,
39100,0.20953077,1.7341152,,,,,,,,,,,,,,,,,
39200,0.22536069,1.834832,,,,,,,,,,,,,,,,,
39300,0.19854179,1.7741234,,,,,,,,,,,,,,,,,
39400,0.19237801,1.7960715,,,,,,,,,,,,,,,,,
39500,0.19065367,1.7428921,,,,,,,,,,,,,,,,,
39600,0.19213603,1.771291,,,,,,,,,,,,,,,,,
39700,0.2429054,1.7583648,,,,,,,,,,,,,,,,,
39800,0.19873121,1.8086002,,,,,,,,,,,,,,,,,
39873,,,0.6454939842224121,1.692597508430481,31.815291168303688,0.6619632840156555,1.576145052909851,28.208675423715423,3000.0,0.6739526987075806,1.494259476661682,27.546707690715404,3003.0,14313.951741695404,23827.573871850967,14313.951741695404,9511.859144210815,0.4880993366241455,0.0
39900,0.7070041,1.7459166,,,,,,,,,,,,,,,,,
40000,0.20769437,1.814438,,,,,,,,,,,,,,,,,
40100,0.21025026,1.7183656,,,,,,,,,,,,,,,,,
40200,0.18001391,1.7274861,,,,,,,,,,,,,,,,,
40300,0.31304365,1.78149,,,,,,,,,,,,,,,,,
40400,0.20909382,1.7711718,,,,,,,,,,,,,,,,,
40500,0.19100606,1.6964699,,,,,,,,,,,,,,,,,
40600,0.20900832,1.8008313,,,,,,,,,,,,,,,,,
40700,0.21194716,1.7663957,,,,,,,,,,,,,,,,,
40800,0.33698422,1.698124,,,,,,,,,,,,,,,,,
40900,0.22047254,1.7949286,,,,,,,,,,,,,,,,,
41000,0.19279675,1.7851318,,,,,,,,,,,,,,,,,
41100,0.18881722,1.8034009,,,,,,,,,,,,,,,,,
41200,0.20473337,1.7928293,,,,,,,,,,,,,,,,,
41300,0.20541938,1.7436736,,,,,,,,,,,,,,,,,
41400,0.2674359,1.6642637,,,,,,,,,,,,,,,,,
41500,0.19854623,1.7270226,,,,,,,,,,,,,,,,,
41600,0.20848256,1.8045132,,,,,,,,,,,,,,,,,
41700,0.22113469,1.7922493,,,,,,,,,,,,,,,,,
41800,0.19534017,1.7284666,,,,,,,,,,,,,,,,,
41900,0.27564687,1.780698,,,,,,,,,,,,,,,,,
42000,0.18859115,1.747492,,,,,,,,,,,,,,,,,
42100,0.20012154,1.7362162,,,,,,,,,,,,,,,,,
42200,0.20398462,1.896294,,,,,,,,,,,,,,,,,
42219,,,0.6474224925041199,1.68617844581604,31.77898337621006,0.6637239456176758,1.564249873161316,28.69145620875173,3000.0,0.6774853467941284,1.4813222885131836,27.98596060024852,3003.0,15154.16379904747,25183.07438015937,15154.16379904747,10027.034233808516,0.5258986949920654,0.0
42300,0.19051403,1.8014241,,,,,,,,,,,,,,,,,
42400,0.20989494,1.7386587,,,,,,,,,,,,,,,,,
42500,0.19711718,1.7923937,,,,,,,,,,,,,,,,,
42600,0.21676084,1.736239,,,,,,,,,,,,,,,,,
42700,0.20730041,1.8235584,,,,,,,,,,,,,,,,,
42800,0.19443291,1.782323,,,,,,,,,,,,,,,,,
42900,0.20146814,1.7152736,,,,,,,,,,,,,,,,,
43000,0.19936733,1.6662027,,,,,,,,,,,,,,,,,
43100,0.2942023,1.7650461,,,,,,,,,,,,,,,,,
43200,0.20233025,1.737719,,,,,,,,,,,,,,,,,
43300,0.2283864,1.7091507,,,,,,,,,,,,,,,,,
43400,0.19801232,1.767061,,,,,,,,,,,,,,,,,
43500,0.19264267,1.7009982,,,,,,,,,,,,,,,,,
43600,0.19215503,1.7901404,,,,,,,,,,,,,,,,,
43700,0.214196,1.820166,,,,,,,,,,,,,,,,,
43800,0.21613854,1.7007847,,,,,,,,,,,,,,,,,
43900,0.20755063,1.7272736,,,,,,,,,,,,,,,,,
44000,0.20084728,1.7042605,,,,,,,,,,,,,,,,,
44100,0.20490597,1.7775881,,,,,,,,,,,,,,,,,
44200,0.20431563,1.7612734,,,,,,,,,,,,,,,,,
44300,0.21367931,1.654593,,,,,,,,,,,,,,,,,
44400,0.20858835,1.6952144,,,,,,,,,,,,,,,,,
44500,0.18178016,1.7732536,,,,,,,,,,,,,,,,,
44564,,,0.6538242101669312,1.6220608949661257,32.21654232899015,0.6659061908721924,1.5523436069488523,28.64157721411009,3000.0,0.6764511466026306,1.4741398096084597,27.830552615538394,3003.0,15994.344855546951,26540.41818094253,15994.344855546951,10544.088871002195,0.5563359260559082,0.0
44600,0.19741741,1.75492,,,,,,,,,,,,,,,,,
44700,0.1985329,1.7301571,,,,,,,,,,,,,,,,,
44800,0.21881135,1.8020477,,,,,,,,,,,,,,,,,
44900,0.21190642,1.7016945,,,,,,,,,,,,,,,,,
45000,0.21989934,1.6709588,,,,,,,,,,,,,,,,,
45100,0.19387169,1.6988542,,,,,,,,,,,,,,,,,
45200,0.21402873,1.7542759,,,,,,,,,,,,,,,,,
45300,0.17984243,1.7599623,,,,,,,,,,,,,,,,,
45400,0.1806182,1.7331146,,,,,,,,,,,,,,,,,
45500,0.18596363,1.8239543,,,,,,,,,,,,,,,,,
45600,0.19486865,1.727948,,,,,,,,,,,,,,,,,
45700,0.19846451,1.8331561,,,,,,,,,,,,,,,,,
45800,0.22636126,1.7144921,,,,,,,,,,,,,,,,,
45900,0.23246545,1.6956347,,,,,,,,,,,,,,,,,
46000,0.1898588,1.7211403,,,,,,,,,,,,,,,,,
46100,0.18889643,1.7908279,,,,,,,,,,,,,,,,,
46200,0.19885008,1.7171488,,,,,,,,,,,,,,,,,
46300,0.2557908,1.7414154,,,,,,,,,,,,,,,,,
46400,0.20374617,1.841025,,,,,,,,,,,,,,,,,
46500,0.27864683,1.8322381,,,,,,,,,,,,,,,,,
46600,0.2323756,1.8029763,,,,,,,,,,,,,,,,,
46700,0.20009595,1.8063381,,,,,,,,,,,,,,,,,
46800,0.20646001,1.7727958,,,,,,,,,,,,,,,,,
46900,0.19471413,1.7331661,,,,,,,,,,,,,,,,,
46910,,,0.6494661569595337,1.669074296951294,31.6695985126084,0.6667740941047668,1.5472114086151123,28.77795598635,3000.0,0.6811225414276123,1.4597563743591309,28.346774455501244,3003.0,16834.357803106308,27901.11219573021,16834.357803106308,11064.661159992218,0.5887689590454102,0.0
47000,0.18364432,1.743984,,,,,,,,,,,,,,,,,
47100,0.21822026,1.699655,,,,,,,,,,,,,,,,,
47200,0.24806747,1.770139,,,,,,,,,,,,,,,,,
47300,0.19636427,1.7085154,,,,,,,,,,,,,,,,,
47400,0.19903426,1.7648561,,,,,,,,,,,,,,,,,
47500,0.20119774,1.7211308,,,,,,,,,,,,,,,,,
47600,0.23944558,1.7561618,,,,,,,,,,,,,,,,,
47700,0.19756468,1.8062766,,,,,,,,,,,,,,,,,
47800,0.21087152,1.7367747,,,,,,,,,,,,,,,,,
47900,0.24434158,1.7356241,,,,,,,,,,,,,,,,,
48000,0.26659983,1.786727,,,,,,,,,,,,,,,,,
48100,0.27428323,1.7428722,,,,,,,,,,,,,,,,,
48200,0.1892437,1.8090808,,,,,,,,,,,,,,,,,
48300,0.2397134,1.7538211,,,,,,,,,,,,,,,,,
48400,0.26183966,1.6988353,,,,,,,,,,,,,,,,,
48500,0.19186594,1.7189766,,,,,,,,,,,,,,,,,
48600,0.19957595,1.8154836,,,,,,,,,,,,,,,,,
48700,0.22315337,1.7746944,,,,,,,,,,,,,,,,,
48800,0.19824918,1.687377,,,,,,,,,,,,,,,,,
48900,0.19685365,1.6789565,,,,,,,,,,,,,,,,,
49000,0.18392594,1.7585793,,,,,,,,,,,,,,,,,
49100,0.24798721,1.7126288,,,,,,,,,,,,,,,,,
49200,0.2019833,1.6643399,,,,,,,,,,,,,,,,,
49256,,,0.6462664604187012,1.6856175661087036,31.678658230344087,0.6664517521858215,1.5448410511016846,28.842956598526044,3000.0,0.6809831261634827,1.4532852172851562,28.45048140232037,3003.0,17674.36550784111,29211.590218305588,17674.36550784111,11535.024050235748,0.6217913627624512,0.0
49300,0.1836816,1.6734602,,,,,,,,,,,,,,,,,
49400,0.19609287,1.7164161,,,,,,,,,,,,,,,,,
49500,0.20943758,1.8017079,,,,,,,,,,,,,,,,,
49600,0.26799852,1.7281355,,,,,,,,,,,,,,,,,
49700,0.23519796,1.8174388,,,,,,,,,,,,,,,,,
49800,0.20173785,1.6808304,,,,,,,,,,,,,,,,,
49900,0.23209324,1.7698632,,,,,,,,,,,,,,,,,
50000,0.22755112,1.7541535,,,,,,,,,,,,,,,,,
50100,0.22861552,1.8523263,,,,,,,,,,,,,,,,,
50200,0.19493727,1.7403247,,,,,,,,,,,,,,,,,
50300,0.22442436,1.6685697,,,,,,,,,,,,,,,,,
50400,0.19066224,1.7971125,,,,,,,,,,,,,,,,,
50500,0.20128538,1.7780792,,,,,,,,,,,,,,,,,
50600,0.19689558,1.702488,,,,,,,,,,,,,,,,,
50700,0.22529078,1.7143885,,,,,,,,,,,,,,,,,
50800,0.20625712,1.7378389,,,,,,,,,,,,,,,,,
50900,0.24867006,1.7764901,,,,,,,,,,,,,,,,,
51000,0.21541929,1.7288439,,,,,,,,,,,,,,,,,
51100,0.18223806,1.7145962,,,,,,,,,,,,,,,,,
51200,0.22912589,1.7849592,,,,,,,,,,,,,,,,,
51300,0.3618468,1.7474835,,,,,,,,,,,,,,,,,
51400,0.2515323,1.6853342,,,,,,,,,,,,,,,,,
51500,0.19988436,1.7266555,,,,,,,,,,,,,,,,,
51600,0.1904477,1.8125964,,,,,,,,,,,,,,,,,
51601,,,0.6567646265029907,1.613392949104309,32.20008454597276,0.668398380279541,1.533761501312256,28.79298934338836,3000.0,0.6818430423736572,1.4524085521697998,28.224619330030805,3003.0,18514.27074623108,30635.27508306504,18514.27074623108,12118.698055744171,0.6539661884307861,0.0
51700,0.19027765,1.7248933,,,,,,,,,,,,,,,,,
51800,0.20728323,1.8608805,,,,,,,,,,,,,,,,,
51900,0.21748114,1.6650454,,,,,,,,,,,,,,,,,
52000,0.18828219,1.696093,,,,,,,,,,,,,,,,,
52100,0.19314423,1.8151733,,,,,,,,,,,,,,,,,
52200,1.4686831,1.7270234,,,,,,,,,,,,,,,,,
52300,0.21946101,1.7183499,,,,,,,,,,,,,,,,,
52400,0.20564501,1.7887669,,,,,,,,,,,,,,,,,
52500,0.20508559,1.8190033,,,,,,,,,,,,,,,,,
52600,0.23593242,1.7736719,,,,,,,,,,,,,,,,,
52700,0.40994212,1.7710346,,,,,,,,,,,,,,,,,
52800,0.20273554,1.7811141,,,,,,,,,,,,,,,,,
52900,0.20759727,1.809612,,,,,,,,,,,,,,,,,
53000,0.22257935,1.7883002,,,,,,,,,,,,,,,,,
53100,0.23155266,1.7799939,,,,,,,,,,,,,,,,,
53200,0.20049247,1.7123281,,,,,,,,,,,,,,,,,
53300,0.22995573,1.6893438,,,,,,,,,,,,,,,,,
53400,0.2127266,1.7544296,,,,,,,,,,,,,,,,,
53500,0.2117905,1.7092175,,,,,,,,,,,,,,,,,
53600,0.19592604,1.7657123,,,,,,,,,,,,,,,,,
53700,0.248031,1.7452201,,,,,,,,,,,,,,,,,
53800,0.19147332,1.7702844,,,,,,,,,,,,,,,,,
53900,0.21344607,1.6697849,,,,,,,,,,,,,,,,,
53947,,,0.6505134701728821,1.660967469215393,31.867379464977144,0.6687207818031311,1.5278306007385254,28.76152895014794,3000.0,0.6840276718139648,1.4374014139175415,28.765265595968746,3003.0,19354.333768606182,32073.26548433304,19354.333768606182,12716.516110658646,0.6878187656402588,0.0
54000,0.19339764,1.6808987,,,,,,,,,,,,,,,,,
54100,0.19333492,1.6455073,,,,,,,,,,,,,,,,,
54200,0.21659659,1.735578,,,,,,,,,,,,,,,,,
54300,0.20477612,1.6600326,,,,,,,,,,,,,,,,,
54400,0.20703858,1.6578405,,,,,,,,,,,,,,,,,
54500,0.19704951,1.7255968,,,,,,,,,,,,,,,,,
54600,0.20112471,1.7614266,,,,,,,,,,,,,,,,,
54700,0.26324415,1.720815,,,,,,,,,,,,,,,,,
54800,0.19343664,1.6636393,,,,,,,,,,,,,,,,,
54900,0.23106357,1.7691197,,,,,,,,,,,,,,,,,
55000,0.20188881,1.7030773,,,,,,,,,,,,,,,,,
55100,0.3721626,1.8521173,,,,,,,,,,,,,,,,,
55200,0.1774189,1.6586928,,,,,,,,,,,,,,,,,
55300,0.18400894,1.7764753,,,,,,,,,,,,,,,,,
55400,0.19019535,1.7279991,,,,,,,,,,,,,,,,,
55500,0.18110539,1.6930563,,,,,,,,,,,,,,,,,
55600,0.20212662,1.7522124,,,,,,,,,,,,,,,,,
55700,0.20424482,1.6677555,,,,,,,,,,,,,,,,,
55800,0.20545022,1.6727662,,,,,,,,,,,,,,,,,
55900,0.20477498,1.8053306,,,,,,,,,,,,,,,,,
56000,0.18938084,1.6784458,,,,,,,,,,,,,,,,,
56100,0.25775185,1.6659547,,,,,,,,,,,,,,,,,
56200,0.19981961,1.7844737,,,,,,,,,,,,,,,,,
56293,,,0.6667506098747253,1.5589523315429688,33.09192433508889,0.6687827706336975,1.5208386182785034,28.63368948315072,3000.0,0.6826448440551758,1.4398152828216553,28.341602362376708,3003.0,20194.51906824112,33494.9159014225,20194.51906824112,13297.87374830246,0.7198841571807861,0.0
56300,0.25425923,1.7603196,,,,,,,,,,,,,,,,,
56400,0.19906384,1.6985313,,,,,,,,,,,,,,,,,
56500,0.21295628,1.7375036,,,,,,,,,,,,,,,,,
56600,0.2129666,1.6812997,,,,,,,,,,,,,,,,,
56700,0.20825353,1.7835041,,,,,,,,,,,,,,,,,
56800,0.19696067,1.804934,,,,,,,,,,,,,,,,,
56900,0.24828959,1.8408519,,,,,,,,,,,,,,,,,
57000,0.18710314,1.6776344,,,,,,,,,,,,,,,,,
57100,0.19565944,1.6760231,,,,,,,,,,,,,,,,,
57200,0.1912932,1.7251647,,,,,,,,,,,,,,,,,
57300,0.19681072,1.7209276,,,,,,,,,,,,,,,,,
57400,0.2078195,1.6939665,,,,,,,,,,,,,,,,,
57500,0.18848039,1.8293872,,,,,,,,,,,,,,,,,
57600,0.19158578,1.7363129,,,,,,,,,,,,,,,,,
57700,0.19932103,1.7809094,,,,,,,,,,,,,,,,,
57800,0.20549078,1.7708852,,,,,,,,,,,,,,,,,
57900,0.20668447,1.6155442,,,,,,,,,,,,,,,,,
58000,0.19972073,1.671116,,,,,,,,,,,,,,,,,
58100,0.188689,1.6874737,,,,,,,,,,,,,,,,,
58200,0.21678373,1.6184387,,,,,,,,,,,,,,,,,
58300,0.19036691,1.6713543,,,,,,,,,,,,,,,,,
58400,0.22080213,1.6911123,,,,,,,,,,,,,,,,,
58500,0.19529891,1.732369,,,,,,,,,,,,,,,,,
58600,0.18567768,1.7661854,,,,,,,,,,,,,,,,,
58639,,,0.655954897403717,1.618160605430603,32.188351151900314,0.6726884841918945,1.5124878883361816,29.07218011022572,3000.0,0.6835163831710815,1.4296272993087769,28.599861865485742,3003.0,21034.617770195007,34978.909477710724,21034.617770195007,13941.65684556961,0.7570688724517822,0.0
58700,0.20893873,1.7078501,,,,,,,,,,,,,,,,,
58800,0.18816401,1.6934885,,,,,,,,,,,,,,,,,
58900,0.21172395,1.6186713,,,,,,,,,,,,,,,,,
59000,0.2055356,1.7548127,,,,,,,,,,,,,,,,,
59100,0.20653978,1.7165586,,,,,,,,,,,,,,,,,
59200,0.2265011,1.715002,,,,,,,,,,,,,,,,,
59300,0.23965088,1.7537202,,,,,,,,,,,,,,,,,
59400,0.21260639,1.7024767,,,,,,,,,,,,,,,,,
59500,0.35535043,1.731729,,,,,,,,,,,,,,,,,
59600,0.20369592,1.7168196,,,,,,,,,,,,,,,,,
59700,0.20238107,1.6879959,,,,,,,,,,,,,,,,,
59800,0.18985575,1.6651666,,,,,,,,,,,,,,,,,
59900,0.19565561,1.6614815,,,,,,,,,,,,,,,,,
60000,0.20826653,1.7398663,,,,,,,,,,,,,,,,,
60100,0.20452209,1.719511,,,,,,,,,,,,,,,,,
60200,0.19018954,1.6594476,,,,,,,,,,,,,,,,,
60300,0.20312119,1.7279987,,,,,,,,,,,,,,,,,
60400,0.20033145,1.7419134,,,,,,,,,,,,,,,,,
60500,0.19463196,1.7543554,,,,,,,,,,,,,,,,,
60600,0.19479421,1.7091222,,,,,,,,,,,,,,,,,
60700,0.21117012,1.7241769,,,,,,,,,,,,,,,,,
60800,0.21225077,1.7259178,,,,,,,,,,,,,,,,,
60900,0.20699781,1.7797279,,,,,,,,,,,,,,,,,
60985,,,0.6542706489562988,1.6405000686645508,32.1757717300823,0.6717957258224487,1.5104609727859497,29.062029670361643,3000.0,0.6864215135574341,1.420398235321045,29.007746720886413,3003.0,21874.773897647858,36303.46973657608,21874.773897647858,14425.952094316484,0.7913601398468018,0.0
61000,0.20335758,1.7213062,,,,,,,,,,,,,,,,,
61100,0.5883748,1.6454862,,,,,,,,,,,,,,,,,
61200,0.23324968,1.698914,,,,,,,,,,,,,,,,,
61300,0.18883853,1.7517372,,,,,,,,,,,,,,,,,
61400,0.20022789,1.7016335,,,,,,,,,,,,,,,,,
61500,0.19389655,1.6990153,,,,,,,,,,,,,,,,,
61600,0.20268925,1.6693107,,,,,,,,,,,,,,,,,
61700,0.21999863,1.6787565,,,,,,,,,,,,,,,,,
61800,0.20190014,1.7487725,,,,,,,,,,,,,,,,,
61900,0.2331536,1.6958808,,,,,,,,,,,,,,,,,
62000,0.23222534,1.759919,,,,,,,,,,,,,,,,,
62100,0.3302368,1.642112,,,,,,,,,,,,,,,,,
62200,0.19910035,1.7231133,,,,,,,,,,,,,,,,,
62300,0.19844022,1.622588,,,,,,,,,,,,,,,,,
62400,0.19211847,1.6397616,,,,,,,,,,,,,,,,,
62500,0.19236855,1.6815218,,,,,,,,,,,,,,,,,
62600,0.18142688,1.678377,,,,,,,,,,,,,,,,,
62700,0.22331046,1.6569908,,,,,,,,,,,,,,,,,
62800,0.2234435,1.7119845,,,,,,,,,,,,,,,,,
62900,0.2105944,1.619251,,,,,,,,,,,,,,,,,
63000,0.23151189,1.7683842,,,,,,,,,,,,,,,,,
63100,0.1986469,1.6526809,,,,,,,,,,,,,,,,,
63200,0.19314043,1.6949041,,,,,,,,,,,,,,,,,
63300,0.2110657,1.7405057,,,,,,,,,,,,,,,,,
63330,,,0.6675124168395996,1.544390082359314,32.92653022817832,0.6732712388038635,1.505146026611328,29.13346058303088,3000.0,0.6854802370071411,1.4173305034637451,28.617106854066893,3003.0,22714.68177628517,37652.37822747231,22714.68177628517,14934.84242773056,0.8252365589141846,0.0
63400,0.20393622,1.8113303,,,,,,,,,,,,,,,,,
63500,0.2504338,1.6624101,,,,,,,,,,,,,,,,,
63600,0.23182616,1.6480682,,,,,,,,,,,,,,,,,
63700,0.2119964,1.6379212,,,,,,,,,,,,,,,,,
63800,0.24901792,1.8049756,,,,,,,,,,,,,,,,,
63900,0.19008894,1.700013,,,,,,,,,,,,,,,,,
64000,0.26779506,1.71974,,,,,,,,,,,,,,,,,
64100,0.21049097,1.7911949,,,,,,,,,,,,,,,,,
64200,0.31915832,1.7448752,,,,,,,,,,,,,,,,,
64300,0.20430736,1.6417302,,,,,,,,,,,,,,,,,
64400,0.23516156,1.7163297,,,,,,,,,,,,,,,,,
64500,0.22466,1.7053298,,,,,,,,,,,,,,,,,
64600,0.4328278,1.6302121,,,,,,,,,,,,,,,,,
64700,0.29262576,1.6007785,,,,,,,,,,,,,,,,,
64800,0.2017332,1.6946018,,,,,,,,,,,,,,,,,
64900,0.22859478,1.6657826,,,,,,,,,,,,,,,,,
65000,0.1901103,1.7202392,,,,,,,,,,,,,,,,,
65100,0.19387367,1.6850213,,,,,,,,,,,,,,,,,
65200,0.21948712,1.7521348,,,,,,,,,,,,,,,,,
65300,1.7155962,1.6961584,,,,,,,,,,,,,,,,,
65400,0.1980594,1.757016,,,,,,,,,,,,,,,,,
65500,0.19659078,1.6465919,,,,,,,,,,,,,,,,,
65600,0.2087613,1.7165668,,,,,,,,,,,,,,,,,
65676,,,0.6562884449958801,1.612204670906067,32.68944922577982,0.6751435399055481,1.491057515144348,29.30038312727096,3000.0,0.6907327175140381,1.3964228630065918,29.165284759238112,3003.0,23554.65200853348,39108.53287887573,23554.65200853348,15550.918023347856,0.8605771064758301,0.0
65700,0.21194054,1.6830829,,,,,,,,,,,,,,,,,
65800,0.18686475,1.6707959,,,,,,,,,,,,,,,,,
65900,0.205337,1.6594127,,,,,,,,,,,,,,,,,
66000,0.1980241,1.6796122,,,,,,,,,,,,,,,,,
66100,0.20609951,1.6538725,,,,,,,,,,,,,,,,,
66200,0.20152749,1.6602739,,,,,,,,,,,,,,,,,
66300,0.2249478,1.5978206,,,,,,,,,,,,,,,,,
66400,0.21201953,1.6218619,,,,,,,,,,,,,,,,,
66500,0.2151536,1.714491,,,,,,,,,,,,,,,,,
66600,0.22777312,1.6514498,,,,,,,,,,,,,,,,,
66700,0.2016096,1.6537482,,,,,,,,,,,,,,,,,
66800,0.22036135,1.599921,,,,,,,,,,,,,,,,,
66900,0.20757985,1.6998448,,,,,,,,,,,,,,,,,
67000,0.2247614,1.7258488,,,,,,,,,,,,,,,,,
67100,0.47882044,1.6025802,,,,,,,,,,,,,,,,,
67200,0.19946824,1.638268,,,,,,,,,,,,,,,,,
67300,0.20203812,1.6361479,,,,,,,,,,,,,,,,,
67400,0.1975815,1.7445852,,,,,,,,,,,,,,,,,
67500,0.2270243,1.6442288,,,,,,,,,,,,,,,,,
67600,0.19269794,1.6808468,,,,,,,,,,,,,,,,,
67700,0.2032161,1.7558386,,,,,,,,,,,,,,,,,
67800,0.20540918,1.7269114,,,,,,,,,,,,,,,,,
67900,0.20722185,1.6383746,,,,,,,,,,,,,,,,,
68000,0.18766606,1.591257,,,,,,,,,,,,,,,,,
68022,,,0.6579658389091492,1.613708734512329,32.35109639577502,0.6769165992736816,1.4885090589523315,29.62679347416672,3000.0,0.6890709400177002,1.3990836143493652,29.19693387188205,3003.0,24394.624833345413,40496.11887073517,24394.624833345413,16098.42095041275,0.8969278335571289,0.0
68100,0.21157627,1.7225629,,,,,,,,,,,,,,,,,
68200,0.21069558,1.7275759,,,,,,,,,,,,,,,,,
68300,0.19922532,1.6334143,,,,,,,,,,,,,,,,,
68400,0.19278586,1.7104349,,,,,,,,,,,,,,,,,
68500,0.18536912,1.6584519,,,,,,,,,,,,,,,,,
68600,0.18222047,1.6730472,,,,,,,,,,,,,,,,,
68700,0.20114781,1.7274334,,,,,,,,,,,,,,,,,
68800,0.19020635,1.7547613,,,,,,,,,,,,,,,,,
68900,0.19153544,1.5799165,,,,,,,,,,,,,,,,,
69000,0.21341012,1.7018672,,,,,,,,,,,,,,,,,
69100,0.18253864,1.682136,,,,,,,,,,,,,,,,,
69200,0.19538869,1.6769338,,,,,,,,,,,,,,,,,
69300,0.1841177,1.6605799,,,,,,,,,,,,,,,,,
69400,0.21083379,1.6115544,,,,,,,,,,,,,,,,,
69500,0.20208521,1.6701297,,,,,,,,,,,,,,,,,
69600,0.20338887,1.6049376,,,,,,,,,,,,,,,,,
69700,0.20450182,1.6742514,,,,,,,,,,,,,,,,,
69800,0.20578213,1.6713912,,,,,,,,,,,,,,,,,
69900,0.20491521,1.7044475,,,,,,,,,,,,,,,,,
70000,0.1996757,1.6078322,,,,,,,,,,,,,,,,,
70100,0.19685264,1.6201463,,,,,,,,,,,,,,,,,
70200,0.22216207,1.672051,,,,,,,,,,,,,,,,,
70300,0.2490882,1.6371918,,,,,,,,,,,,,,,,,
70368,,,0.6629226207733154,1.5664702653884888,32.78073814231867,0.6758130788803101,1.479118824005127,29.19225225701453,3000.0,0.6903492212295532,1.3912490606307983,28.78012899563756,3003.0,25234.659603357315,42054.70087099075,25234.659603357315,16816.858570575714,0.9333441257476808,0.0
70400,0.19794373,1.6558294,,,,,,,,,,,,,,,,,
70500,0.19645181,1.6115474,,,,,,,,,,,,,,,,,
70600,0.1912906,1.6866047,,,,,,,,,,,,,,,,,
70700,0.20503522,1.7132695,,,,,,,,,,,,,,,,,
70800,0.19936924,1.6519289,,,,,,,,,,,,,,,,,
70900,0.2115548,1.7669991,,,,,,,,,,,,,,,,,
71000,0.20130228,1.6873723,,,,,,,,,,,,,,,,,
71100,0.20846003,1.60061,,,,,,,,,,,,,,,,,
71200,0.20608175,1.6584752,,,,,,,,,,,,,,,,,
71300,0.24580798,1.7318958,,,,,,,,,,,,,,,,,
71400,0.1989512,1.5898911,,,,,,,,,,,,,,,,,
71500,0.22056365,1.602597,,,,,,,,,,,,,,,,,
71600,0.20341161,1.6530501,,,,,,,,,,,,,,,,,
71700,0.34021607,1.679482,,,,,,,,,,,,,,,,,
71800,0.19293405,1.750308,,,,,,,,,,,,,,,,,
71900,0.20297466,1.6076287,,,,,,,,,,,,,,,,,
72000,0.73005056,1.6866434,,,,,,,,,,,,,,,,,
72100,0.20520197,1.6901035,,,,,,,,,,,,,,,,,
72200,0.2000411,1.6306363,,,,,,,,,,,,,,,,,
72300,0.20865288,1.6287462,,,,,,,,,,,,,,,,,
72400,0.19518912,1.6410782,,,,,,,,,,,,,,,,,
72500,0.19537346,1.673521,,,,,,,,,,,,,,,,,
72600,0.20104998,1.516323,,,,,,,,,,,,,,,,,
72700,0.19627273,1.7017467,,,,,,,,,,,,,,,,,
72714,,,0.6606534719467163,1.593955636024475,32.511623246878834,0.6776605248451233,1.4730331897735596,29.498651552431973,3000.0,0.6935099959373474,1.380598545074463,29.474507063397496,3003.0,26074.649913072582,43471.833458423615,26074.649913072582,17393.892706871033,0.9688091278076172,0.0
72800,0.19580913,1.6477791,,,,,,,,,,,,,,,,,
72900,0.2037936,1.6544925,,,,,,,,,,,,,,,,,
73000,0.194161,1.6620983,,,,,,,,,,,,,,,,,
73100,0.2198389,1.6161718,,,,,,,,,,,,,,,,,
73200,0.20736118,1.6614903,,,,,,,,,,,,,,,,,
73300,0.20262757,1.5835482,,,,,,,,,,,,,,,,,
73400,0.2105127,1.6784036,,,,,,,,,,,,,,,,,
73500,0.19553451,1.616393,,,,,,,,,,,,,,,,,
73600,0.19602206,1.6264695,,,,,,,,,,,,,,,,,
73700,0.21783353,1.6599364,,,,,,,,,,,,,,,,,
73800,0.19735286,1.6290971,,,,,,,,,,,,,,,,,
73900,0.19988342,1.6562773,,,,,,,,,,,,,,,,,
74000,0.20735186,1.6347624,,,,,,,,,,,,,,,,,
74100,0.20039009,1.6411047,,,,,,,,,,,,,,,,,
74200,0.21008839,1.6809986,,,,,,,,,,,,,,,,,
74300,0.2246375,1.6129414,,,,,,,,,,,,,,,,,
74400,0.19815451,1.727943,,,,,,,,,,,,,,,,,
74500,0.18320967,1.6602396,,,,,,,,,,,,,,,,,
74600,0.19121894,1.6693585,,,,,,,,,,,,,,,,,
74700,0.21275583,1.6775906,,,,,,,,,,,,,,,,,
74800,0.19979085,1.6240339,,,,,,,,,,,,,,,,,
74900,0.20722687,1.5520625,,,,,,,,,,,,,,,,,
75000,0.2250261,1.6352918,,,,,,,,,,,,,,,,,
75061,,,0.6858612298965454,1.4403479099273682,34.89402750189174,0.677734911441803,1.4711121320724487,29.468598279995035,3000.0,0.6918134093284607,1.3813815116882324,29.14106138373952,3003.0,26914.73360776901,44794.491381406784,26914.73360776901,17876.356063604355,1.006338119506836,0.0
75100,0.19162643,1.620102,,,,,,,,,,,,,,,,,
75200,0.2321412,1.6884558,,,,,,,,,,,,,,,,,
75300,0.21776438,1.5915916,,,,,,,,,,,,,,,,,
75400,0.17885025,1.5150841,,,,,,,,,,,,,,,,,
75500,0.20946814,1.577575,,,,,,,,,,,,,,,,,
75600,0.19500424,1.695587,,,,,,,,,,,,,,,,,
75700,0.18857092,1.5881009,,,,,,,,,,,,,,,,,
75800,0.22740635,1.6362215,,,,,,,,,,,,,,,,,
75900,0.21841122,1.6716483,,,,,,,,,,,,,,,,,
76000,0.20265011,1.6548334,,,,,,,,,,,,,,,,,
76100,0.23683158,1.6618853,,,,,,,,,,,,,,,,,
76200,0.20218106,1.6595745,,,,,,,,,,,,,,,,,
76300,0.2018202,1.7195085,,,,,,,,,,,,,,,,,
76400,0.22532246,1.7002364,,,,,,,,,,,,,,,,,
76500,0.19097602,1.6420764,,,,,,,,,,,,,,,,,
76600,0.21162404,1.6320336,,,,,,,,,,,,,,,,,
76700,0.23387733,1.4924242,,,,,,,,,,,,,,,,,
76800,0.19718152,1.6642417,,,,,,,,,,,,,,,,,
76900,0.19911954,1.6678673,,,,,,,,,,,,,,,,,
77000,0.20949735,1.7009358,,,,,,,,,,,,,,,,,
77100,0.19359466,1.649208,,,,,,,,,,,,,,,,,
77200,0.20119902,1.6623306,,,,,,,,,,,,,,,,,
77300,0.20151737,1.6979558,,,,,,,,,,,,,,,,,
77400,0.2023148,1.6731839,,,,,,,,,,,,,,,,,
77406,,,0.665233850479126,1.553189396858215,33.34801089317181,0.6795451641082764,1.4581555128097534,29.55528459819339,3000.0,0.694428026676178,1.3683438301086426,29.284875716363665,3003.0,27754.92539286613,46285.17871427536,27754.92539286613,18526.739768743515,1.0434327125549316,0.0
77500,0.2115018,1.6227142,,,,,,,,,,,,,,,,,
77600,0.21359515,1.5880574,,,,,,,,,,,,,,,,,
77700,0.18793267,1.6022309,,,,,,,,,,,,,,,,,
77800,0.20716639,1.5771449,,,,,,,,,,,,,,,,,
77900,0.20822166,1.7057661,,,,,,,,,,,,,,,,,
78000,0.23421511,1.6650839,,,,,,,,,,,,,,,,,
78100,0.20372202,1.6214179,,,,,,,,,,,,,,,,,
78200,0.18863337,1.6352044,,,,,,,,,,,,,,,,,
78300,0.21069548,1.6371878,,,,,,,,,,,,,,,,,
78400,0.23178703,1.5835884,,,,,,,,,,,,,,,,,
78500,0.19463827,1.5951327,,,,,,,,,,,,,,,,,
78600,0.2127602,1.7232617,,,,,,,,,,,,,,,,,
78700,0.24580054,1.681875,,,,,,,,,,,,,,,,,
78800,0.20346786,1.6378261,,,,,,,,,,,,,,,,,
78900,0.19956224,1.6373272,,,,,,,,,,,,,,,,,
79000,0.20777613,1.6865247,,,,,,,,,,,,,,,,,
79100,0.1901261,1.618868,,,,,,,,,,,,,,,,,
79200,0.21299596,1.6146541,,,,,,,,,,,,,,,,,
79300,0.19205788,1.6306926,,,,,,,,,,,,,,,,,
79400,0.23471995,1.6320337,,,,,,,,,,,,,,,,,
79500,0.21722001,1.5721344,,,,,,,,,,,,,,,,,
79600,0.22160485,1.5979614,,,,,,,,,,,,,,,,,
79700,2.1776104,1.8054137,,,,,,,,,,,,,,,,,
79751,,,0.6607846617698669,1.5785906314849854,33.05226990077929,0.6790120601654053,1.4651505947113037,29.44278157741172,3000.0,0.6931613683700562,1.3743035793304443,29.269250344436912,3003.0,28595.10469722748,47696.377888441086,28595.10469722748,19097.646564006805,1.0817084312438965,0.0
79800,0.3377219,1.6168147,,,,,,,,,,,,,,,,,
79900,0.19179524,1.6563346,,,,,,,,,,,,,,,,,
80000,0.20870635,1.5709862,,,,,,,,,,,,,,,,,
80100,0.22783719,1.6697336,,,,,,,,,,,,,,,,,
80200,0.19310573,1.6246611,,,,,,,,,,,,,,,,,
80300,0.20073855,1.6537577,,,,,,,,,,,,,,,,,
80400,0.1987329,1.6331533,,,,,,,,,,,,,,,,,
80500,0.19256784,1.631983,,,,,,,,,,,,,,,,,
80600,0.21194659,1.64427,,,,,,,,,,,,,,,,,
80700,0.21352129,1.6636095,,,,,,,,,,,,,,,,,
80800,0.19643904,1.5982991,,,,,,,,,,,,,,,,,
80900,0.19550648,1.6973267,,,,,,,,,,,,,,,,,
81000,0.19672872,1.6514195,,,,,,,,,,,,,,,,,
81100,0.18863834,1.5772117,,,,,,,,,,,,,,,,,
81200,0.20552287,1.5784546,,,,,,,,,,,,,,,,,
81300,0.20569153,1.5340106,,,,,,,,,,,,,,,,,
81400,0.20195128,1.7593122,,,,,,,,,,,,,,,,,
81500,0.19699188,1.5878516,,,,,,,,,,,,,,,,,
81600,0.20421968,1.662318,,,,,,,,,,,,,,,,,
81700,0.19473337,1.5975738,,,,,,,,,,,,,,,,,
81800,0.19363506,1.6622318,,,,,,,,,,,,,,,,,
81900,0.18817638,1.6112087,,,,,,,,,,,,,,,,,
82000,0.24578963,1.5745468,,,,,,,,,,,,,,,,,
82097,,,0.6755383014678955,1.49465811252594,33.659196883772914,0.6815910339355469,1.449007272720337,29.689568520414724,3000.0,0.6955435872077942,1.3564544916152954,29.42719219404512,3003.0,29434.99210190773,49080.874106407166,29434.99210190773,19642.142485380173,1.1191542148590088,0.0
82100,0.19733505,1.6050044,,,,,,,,,,,,,,,,,
82200,0.20334621,1.5646198,,,,,,,,,,,,,,,,,
82300,0.20139048,1.6874256,,,,,,,,,,,,,,,,,
82400,0.18826115,1.5990481,,,,,,,,,,,,,,,,,
82500,0.20023496,1.5739695,,,,,,,,,,,,,,,,,
82600,0.2015686,1.5914747,,,,,,,,,,,,,,,,,
82700,0.19383219,1.6108297,,,,,,,,,,,,,,,,,
82800,0.21953021,1.5710902,,,,,,,,,,,,,,,,,
82900,0.20833232,1.6335255,,,,,,,,,,,,,,,,,
83000,0.20676984,1.5544121,,,,,,,,,,,,,,,,,
83100,0.1996211,1.5759397,,,,,,,,,,,,,,,,,
83200,0.21114323,1.6024067,,,,,,,,,,,,,,,,,
83300,0.18988585,1.568895,,,,,,,,,,,,,,,,,
83400,0.22017372,1.599446,,,,,,,,,,,,,,,,,
83500,0.20141724,1.5974894,,,,,,,,,,,,,,,,,
83600,0.21064782,1.6321428,,,,,,,,,,,,,,,,,
83700,0.21082012,1.6787428,,,,,,,,,,,,,,,,,
83800,0.20875837,1.6816955,,,,,,,,,,,,,,,,,
83900,0.19595362,1.6524372,,,,,,,,,,,,,,,,,
84000,0.21022995,1.5929892,,,,,,,,,,,,,,,,,
84100,0.23011562,1.6211478,,,,,,,,,,,,,,,,,
84200,0.20539933,1.6299682,,,,,,,,,,,,,,,,,
84300,0.20977944,1.6663283,,,,,,,,,,,,,,,,,
84400,0.20567556,1.6435964,,,,,,,,,,,,,,,,,
84442,,,0.6705901026725769,1.5163570642471311,33.776368870019915,0.6826077699661255,1.4386560916900637,29.743246304174004,3000.0,0.697402834892273,1.344928741455078,29.5544296637964,3003.0,30274.89132285118,50588.53385710716,30274.89132285118,20309.78834581375,1.156053066253662,0.0
84500,0.20643502,1.6745163,,,,,,,,,,,,,,,,,
84600,0.19830984,1.6108284,,,,,,,,,,,,,,,,,
84700,0.50554,1.5522901,,,,,,,,,,,,,,,,,
84800,0.22491296,1.6023242,,,,,,,,,,,,,,,,,
84900,0.20251621,1.600063,,,,,,,,,,,,,,,,,
85000,0.2070538,1.6301734,,,,,,,,,,,,,,,,,
85100,0.20741196,1.6023486,,,,,,,,,,,,,,,,,
85200,0.19382247,1.6184461,,,,,,,,,,,,,,,,,
85300,0.21460691,1.6804417,,,,,,,,,,,,,,,,,
85400,0.20525269,1.618245,,,,,,,,,,,,,,,,,
85500,0.20890066,1.6852312,,,,,,,,,,,,,,,,,
85600,0.21088207,1.6311547,,,,,,,,,,,,,,,,,
85700,0.21799448,1.6252373,,,,,,,,,,,,,,,,,
85800,0.2072768,1.6086323,,,,,,,,,,,,,,,,,
85900,0.20004514,1.6418353,,,,,,,,,,,,,,,,,
86000,0.21895996,1.663197,,,,,,,,,,,,,,,,,
86100,0.21475647,1.6810136,,,,,,,,,,,,,,,,,
86200,0.22122316,1.5934986,,,,,,,,,,,,,,,,,
86300,0.20532821,1.6381005,,,,,,,,,,,,,,,,,
86400,0.22169866,1.6300629,,,,,,,,,,,,,,,,,
86500,0.21318032,1.6398151,,,,,,,,,,,,,,,,,
86600,0.21033356,1.6385975,,,,,,,,,,,,,,,,,
86700,0.19825628,1.6048214,,,,,,,,,,,,,,,,,
86788,,,0.6693463325500488,1.5310808420181274,33.519672285560624,0.682632565498352,1.43792986869812,30.200129200007808,3000.0,0.6986927390098572,1.338726043701172,29.75376935276304,3003.0,31114.93718099594,51943.9401807785,31114.93718099594,20825.03607749939,1.1935102939605713,0.0
86800,0.21128935,1.5472257,,,,,,,,,,,,,,,,,
86900,0.20294185,1.5827385,,,,,,,,,,,,,,,,,
87000,0.21774656,1.5606463,,,,,,,,,,,,,,,,,
87100,0.20511617,1.6167059,,,,,,,,,,,,,,,,,
87200,0.20897698,1.5864989,,,,,,,,,,,,,,,,,
87300,0.21537662,1.5658337,,,,,,,,,,,,,,,,,
87400,0.2032797,1.5810025,,,,,,,,,,,,,,,,,
87500,0.21537879,1.5252997,,,,,,,,,,,,,,,,,
87600,0.20864432,1.615295,,,,,,,,,,,,,,,,,
87700,0.1923474,1.5762237,,,,,,,,,,,,,,,,,
87800,0.20296632,1.5327115,,,,,,,,,,,,,,,,,
87900,0.21039063,1.6076548,,,,,,,,,,,,,,,,,
88000,0.21317825,1.5994786,,,,,,,,,,,,,,,,,
88100,0.20182434,1.6143663,,,,,,,,,,,,,,,,,
88200,0.21098132,1.6311495,,,,,,,,,,,,,,,,,
88300,0.20028485,1.6012857,,,,,,,,,,,,,,,,,
88400,0.21695513,1.5644429,,,,,,,,,,,,,,,,,
88500,0.2151568,1.5691147,,,,,,,,,,,,,,,,,
88600,0.21672632,1.6346318,,,,,,,,,,,,,,,,,
88700,0.233315,1.6479219,,,,,,,,,,,,,,,,,
88800,0.20421554,1.5993572,,,,,,,,,,,,,,,,,
88900,0.2335876,1.5733926,,,,,,,,,,,,,,,,,
89000,0.19735774,1.5492674,,,,,,,,,,,,,,,,,
89100,0.21344392,1.57064,,,,,,,,,,,,,,,,,
89133,,,0.6757782101631165,1.485595941543579,34.190875248660575,0.6854719519615173,1.4247512817382812,29.772108184170435,3000.0,0.6976584792137146,1.333077311515808,29.52895939744145,3003.0,31955.03034901619,53384.378826379776,31955.03034901619,21425.26732730865,1.2301530838012695,0.0
89200,0.1946488,1.6211587,,,,,,,,,,,,,,,,,
89300,0.21454225,1.5071677,,,,,,,,,,,,,,,,,
89400,0.20419243,1.5031163,,,,,,,,,,,,,,,,,
89500,0.227333,1.6447753,,,,,,,,,,,,,,,,,
89600,0.21633266,1.6220752,,,,,,,,,,,,,,,,,
89700,0.20227373,1.6308193,,,,,,,,,,,,,,,,,
89800,0.22620337,1.5712093,,,,,,,,,,,,,,,,,
89900,0.20834626,1.6487597,,,,,,,,,,,,,,,,,
90000,0.20892096,1.6297317,,,,,,,,,,,,,,,,,
90100,0.21284927,1.6484363,,,,,,,,,,,,,,,,,
90200,0.21313553,1.5987835,,,,,,,,,,,,,,,,,
90300,0.21560101,1.6563181,,,,,,,,,,,,,,,,,
90400,0.2100971,1.6212459,,,,,,,,,,,,,,,,,
90500,0.23108436,1.5565203,,,,,,,,,,,,,,,,,
90600,0.20608054,1.6404141,,,,,,,,,,,,,,,,,
90700,0.21129331,1.5874076,,,,,,,,,,,,,,,,,
90800,0.20120125,1.660101,,,,,,,,,,,,,,,,,
90900,0.2150217,1.5753264,,,,,,,,,,,,,,,,,
91000,0.2080153,1.5737969,,,,,,,,,,,,,,,,,
91100,0.20400092,1.503796,,,,,,,,,,,,,,,,,
91200,0.21221535,1.6066881,,,,,,,,,,,,,,,,,
91300,0.19732949,1.533621,,,,,,,,,,,,,,,,,
91400,0.2080357,1.5513302,,,,,,,,,,,,,,,,,
91479,,,0.6764565110206604,1.4868851900100708,33.79142281553153,0.6856207251548767,1.4216893911361694,30.081463864085272,3000.0,0.7033525109291077,1.3221434354782104,30.261509158958816,3003.0,32794.96316599846,54851.17655205727,32794.96316599846,22052.010696411133,1.276489496231079,0.0
91500,0.21479647,1.5586699,,,,,,,,,,,,,,,,,
91600,0.21439256,1.6445364,,,,,,,,,,,,,,,,,
91700,0.2056213,1.5753235,,,,,,,,,,,,,,,,,
91800,0.2132279,1.5574057,,,,,,,,,,,,,,,,,
91900,0.23030691,1.5222298,,,,,,,,,,,,,,,,,
92000,0.22892232,1.6261886,,,,,,,,,,,,,,,,,
92100,0.22637036,1.6270553,,,,,,,,,,,,,,,,,
92200,0.2151641,1.5899203,,,,,,,,,,,,,,,,,
92300,0.21667616,1.5309331,,,,,,,,,,,,,,,,,
92400,0.22690694,1.6432455,,,,,,,,,,,,,,,,,
92500,0.22893068,1.5695174,,,,,,,,,,,,,,,,,
92600,0.22411686,1.5587566,,,,,,,,,,,,,,,,,
92700,0.21160945,1.5443764,,,,,,,,,,,,,,,,,
92800,0.21750832,1.5684009,,,,,,,,,,,,,,,,,
92900,0.20006107,1.5361947,,,,,,,,,,,,,,,,,
93000,0.22398926,1.6266189,,,,,,,,,,,,,,,,,
93100,0.21775518,1.6479553,,,,,,,,,,,,,,,,,
93200,0.19944875,1.5934013,,,,,,,,,,,,,,,,,
93300,0.21418795,1.5825748,,,,,,,,,,,,,,,,,
93400,0.20785087,1.5885873,,,,,,,,,,,,,,,,,
93500,0.2183398,1.5313215,,,,,,,,,,,,,,,,,
93600,0.21434315,1.5582634,,,,,,,,,,,,,,,,,
93700,0.19810654,1.5223808,,,,,,,,,,,,,,,,,
93800,0.20016418,1.4963452,,,,,,,,,,,,,,,,,
93825,,,0.690422534942627,1.4100230932235718,34.952902904917686,0.685050368309021,1.4175060987472534,30.129531487347982,3000.0,0.7028295993804932,1.319978952407837,30.10693494571689,3003.0,33634.999903678894,56272.6827609539,33634.999903678894,22633.36717224121,1.315727710723877,0.0
93900,0.2290803,1.6105094,,,,,,,,,,,,,,,,,
94000,0.21466896,1.5209795,,,,,,,,,,,,,,,,,
94100,0.20118485,1.540332,,,,,,,,,,,,,,,,,
94200,0.21159407,1.5852319,,,,,,,,,,,,,,,,,
94300,0.20594619,1.5994477,,,,,,,,,,,,,,,,,
94400,0.20935057,1.5697106,,,,,,,,,,,,,,,,,
94500,0.21227747,1.589754,,,,,,,,,,,,,,,,,
94600,0.20455614,1.6208771,,,,,,,,,,,,,,,,,
94700,0.22642833,1.5585079,,,,,,,,,,,,,,,,,
94800,0.20894437,1.5324951,,,,,,,,,,,,,,,,,
94900,0.20802993,1.5552818,,,,,,,,,,,,,,,,,
95000,0.21560095,1.5323007,,,,,,,,,,,,,,,,,
95100,0.21968178,1.5895567,,,,,,,,,,,,,,,,,
95200,0.21209049,1.6171787,,,,,,,,,,,,,,,,,
95300,0.21563275,1.5942682,,,,,,,,,,,,,,,,,
95400,0.21793,1.4845285,,,,,,,,,,,,,,,,,
95500,0.21699023,1.4877278,,,,,,,,,,,,,,,,,
95600,0.21423687,1.5333434,,,,,,,,,,,,,,,,,
95700,0.21634524,1.6420176,,,,,,,,,,,,,,,,,
95800,0.21528907,1.6173103,,,,,,,,,,,,,,,,,
95900,0.24171276,1.6421875,,,,,,,,,,,,,,,,,
96000,0.2225096,1.5444032,,,,,,,,,,,,,,,,,
96100,0.20970474,1.5358014,,,,,,,,,,,,,,,,,
96171,,,0.6796119809150696,1.4651366472244265,34.32243432293985,0.6871210336685181,1.4065537452697754,30.200335772061464,3000.0,0.7031084895133972,1.311916708946228,30.01868414744477,3003.0,34475.117656469345,57911.7241795063,34475.117656469345,23432.17221236229,1.3558223247528076,0.0
96200,0.212465,1.5209494,,,,,,,,,,,,,,,,,
96300,0.22730899,1.6097434,,,,,,,,,,,,,,,,,
96400,0.22525193,1.6145356,,,,,,,,,,,,,,,,,
96500,0.21536016,1.532313,,,,,,,,,,,,,,,,,
96600,0.2332857,1.624813,,,,,,,,,,,,,,,,,
96700,0.27825794,1.5311685,,,,,,,,,,,,,,,,,
96800,0.222635,1.6289489,,,,,,,,,,,,,,,,,
96900,0.2119631,1.5693526,,,,,,,,,,,,,,,,,
97000,0.21729544,1.5676379,,,,,,,,,,,,,,,,,
97100,0.20895809,1.5077704,,,,,,,,,,,,,,,,,
97200,0.21957743,1.5090928,,,,,,,,,,,,,,,,,
97300,0.21804367,1.575578,,,,,,,,,,,,,,,,,
97400,0.21303666,1.55794,,,,,,,,,,,,,,,,,
97500,0.21410511,1.5745909,,,,,,,,,,,,,,,,,
97600,0.22521237,1.5649165,,,,,,,,,,,,,,,,,
97700,0.21499501,1.5447037,,,,,,,,,,,,,,,,,
97800,0.21268657,1.5944618,,,,,,,,,,,,,,,,,
97900,0.21524139,1.5351825,,,,,,,,,,,,,,,,,
98000,0.21651913,1.6294652,,,,,,,,,,,,,,,,,
98100,0.23488961,1.5482422,,,,,,,,,,,,,,,,,
98200,0.21600273,1.5868464,,,,,,,,,,,,,,,,,
98300,0.21764918,1.6287426,,,,,,,,,,,,,,,,,
98400,0.21219665,1.4784428,,,,,,,,,,,,,,,,,
98500,0.22905393,1.5641928,,,,,,,,,,,,,,,,,
98517,,,0.6749527454376221,1.4922711849212646,33.76268337396561,0.6880509853363037,1.4029872417449951,30.562362559763177,3000.0,0.7058160901069641,1.301902413368225,30.582308832194634,3003.0,35315.19370055199,59286.53086400032,35315.19370055199,23966.787534713745,1.394505500793457,0.0
98600,0.23535396,1.5431846,,,,,,,,,,,,,,,,,
98700,0.22741751,1.5185535,,,,,,,,,,,,,,,,,
98800,0.22026117,1.6407075,,,,,,,,,,,,,,,,,
98900,0.22222136,1.6059221,,,,,,,,,,,,,,,,,
99000,0.2089255,1.5543859,,,,,,,,,,,,,,,,,
99100,0.20102197,1.533915,,,,,,,,,,,,,,,,,
99200,0.23190384,1.5175735,,,,,,,,,,,,,,,,,
99300,0.2224152,1.54155,,,,,,,,,,,,,,,,,
99400,0.21778625,1.5160764,,,,,,,,,,,,,,,,,
99500,0.2206057,1.5353348,,,,,,,,,,,,,,,,,
99600,0.22133507,1.545948,,,,,,,,,,,,,,,,,
99700,0.21167535,1.4745282,,,,,,,,,,,,,,,,,
99800,0.22076972,1.5625352,,,,,,,,,,,,,,,,,
99900,0.2301229,1.4871219,,,,,,,,,,,,,,,,,
100000,0.21911216,1.4933002,,,,,,,,,,,,,,,,,
100100,0.21726245,1.5966141,,,,,,,,,,,,,,,,,
100200,0.22226737,1.5365571,,,,,,,,,,,,,,,,,
100300,0.20507634,1.5036668,,,,,,,,,,,,,,,,,
100400,0.22351244,1.5622137,,,,,,,,,,,,,,,,,
100500,0.22293359,1.5464267,,,,,,,,,,,,,,,,,
100600,0.2156996,1.5205954,,,,,,,,,,,,,,,,,
100700,0.2320441,1.5126468,,,,,,,,,,,,,,,,,
100800,0.23152399,1.5166905,,,,,,,,,,,,,,,,,
100862,,,0.6901666522026062,1.3958227634429932,34.54494358756864,0.6898488402366638,1.3990224599838257,30.523842063106216,3000.0,0.7054442167282104,1.299425721168518,30.24920047046108,3003.0,36155.15829825401,60668.71771264076,36155.15829825401,24508.896410226826,1.4340672492980957,0.0
100900,0.2166571,1.556816,,,,,,,,,,,,,,,,,
101000,0.22467026,1.5714326,,,,,,,,,,,,,,,,,
101100,0.21049598,1.5454642,,,,,,,,,,,,,,,,,
101200,0.23221526,1.559265,,,,,,,,,,,,,,,,,
101300,0.22928682,1.6017218,,,,,,,,,,,,,,,,,
101400,0.22063819,1.5647175,,,,,,,,,,,,,,,,,
101500,0.21545005,1.5525582,,,,,,,,,,,,,,,,,
101600,0.23238918,1.5286173,,,,,,,,,,,,,,,,,
101700,0.22116858,1.5221356,,,,,,,,,,,,,,,,,
101800,0.22071539,1.5630461,,,,,,,,,,,,,,,,,
101900,0.2090783,1.615913,,,,,,,,,,,,,,,,,
102000,0.21414188,1.5614969,,,,,,,,,,,,,,,,,
102100,0.22260715,1.5305887,,,,,,,,,,,,,,,,,
102200,0.22661746,1.5790395,,,,,,,,,,,,,,,,,
102300,0.2324214,1.4973655,,,,,,,,,,,,,,,,,
102400,0.22045209,1.539569,,,,,,,,,,,,,,,,,
102500,0.22551441,1.5276378,,,,,,,,,,,,,,,,,
102600,0.23074347,1.5300933,,,,,,,,,,,,,,,,,
102700,0.22963871,1.6488988,,,,,,,,,,,,,,,,,
102800,0.22928362,1.568436,,,,,,,,,,,,,,,,,
102900,0.22824487,1.5529324,,,,,,,,,,,,,,,,,
103000,0.22150119,1.5405793,,,,,,,,,,,,,,,,,
103100,0.22912535,1.5178233,,,,,,,,,,,,,,,,,
103200,0.22030103,1.6036136,,,,,,,,,,,,,,,,,
103207,,,0.6826054453849792,1.445312738418579,34.78132076309567,0.6900224089622498,1.391385555267334,30.54686521049929,3000.0,0.708686351776123,1.2871750593185425,30.83900984318424,3003.0,36995.03522968292,62076.9599506855,36995.03522968292,25077.136883974075,1.4827287197113037,0.0
103300,0.22596149,1.5938772,,,,,,,,,,,,,,,,,
103400,0.21909656,1.5662178,,,,,,,,,,,,,,,,,
103500,0.2161521,1.502473,,,,,,,,,,,,,,,,,
103600,0.21368518,1.5157973,,,,,,,,,,,,,,,,,
103700,0.23290165,1.4764428,,,,,,,,,,,,,,,,,
103800,0.22545171,1.584297,,,,,,,,,,,,,,,,,
103900,0.21457776,1.5358847,,,,,,,,,,,,,,,,,
104000,0.22077332,1.5594444,,,,,,,,,,,,,,,,,
104100,0.207874,1.4601072,,,,,,,,,,,,,,,,,
104200,0.21976994,1.5374938,,,,,,,,,,,,,,,,,
104300,0.21243866,1.5164773,,,,,,,,,,,,,,,,,
104400,0.22215784,1.5992215,,,,,,,,,,,,,,,,,
104500,0.2170451,1.5383756,,,,,,,,,,,,,,,,,
104600,0.21476696,1.4828371,,,,,,,,,,,,,,,,,
104700,0.21853323,1.5166266,,,,,,,,,,,,,,,,,
104800,0.23480886,1.5148578,,,,,,,,,,,,,,,,,
104900,0.22044331,1.5115865,,,,,,,,,,,,,,,,,
105000,0.21720286,1.4722433,,,,,,,,,,,,,,,,,
105100,0.22349545,1.551707,,,,,,,,,,,,,,,,,
105200,0.21521798,1.5599271,,,,,,,,,,,,,,,,,
105300,0.22413322,1.5418336,,,,,,,,,,,,,,,,,
105400,0.233238,1.4913775,,,,,,,,,,,,,,,,,
105500,0.24325345,1.5269258,,,,,,,,,,,,,,,,,
105552,,,0.6831424832344055,1.4466559886932373,34.30571893606282,0.6902456283569336,1.3884084224700928,30.71525097595463,3000.0,0.706187903881073,1.2858394384384155,30.671070000288665,3003.0,37835.16900038719,63494.38958978653,37835.16900038719,25654.313775777817,1.522960901260376,0.0
105600,0.21531114,1.5046086,,,,,,,,,,,,,,,,,
105700,0.21169387,1.4613429,,,,,,,,,,,,,,,,,
105800,0.22405466,1.5283945,,,,,,,,,,,,,,,,,
105900,0.22332783,1.5903677,,,,,,,,,,,,,,,,,
106000,0.22658665,1.5478656,,,,,,,,,,,,,,,,,
106100,0.2300914,1.4974744,,,,,,,,,,,,,,,,,
106200,0.2278091,1.5113832,,,,,,,,,,,,,,,,,
106300,0.2323255,1.542158,,,,,,,,,,,,,,,,,
106400,0.21865147,1.501892,,,,,,,,,,,,,,,,,
106500,0.21960387,1.5155382,,,,,,,,,,,,,,,,,
106600,0.22020479,1.4551787,,,,,,,,,,,,,,,,,
106700,0.2172845,1.4900831,,,,,,,,,,,,,,,,,
106800,0.21288542,1.5139062,,,,,,,,,,,,,,,,,
106900,0.22423679,1.474293,,,,,,,,,,,,,,,,,
107000,0.2352636,1.6246008,,,,,,,,,,,,,,,,,
107100,0.22916372,1.5088234,,,,,,,,,,,,,,,,,
107200,0.22721222,1.5220306,,,,,,,,,,,,,,,,,
107300,0.24389073,1.5592242,,,,,,,,,,,,,,,,,
107400,0.24398696,1.5679904,,,,,,,,,,,,,,,,,
107500,0.2274668,1.4278054,,,,,,,,,,,,,,,,,
107600,0.24285,1.5027485,,,,,,,,,,,,,,,,,
107700,0.22992098,1.4478806,,,,,,,,,,,,,,,,,
107800,0.21795371,1.5363237,,,,,,,,,,,,,,,,,
107899,,,0.6916837692260742,1.393021583557129,35.40145042693628,0.691299557685852,1.383009910583496,30.558788910901555,3000.0,0.7079077363014221,1.2825238704681396,30.42644247752539,3003.0,38675.34786558151,64931.23558783531,38675.34786558151,26250.866422891617,1.5631628036499023,0.0
107900,0.2099613,1.4518491,,,,,,,,,,,,,,,,,
108000,0.23288924,1.5165427,,,,,,,,,,,,,,,,,
108100,0.21717165,1.4948075,,,,,,,,,,,,,,,,,
108200,0.24099658,1.5297974,,,,,,,,,,,,,,,,,
108300,0.21954222,1.5355756,,,,,,,,,,,,,,,,,
108400,0.21921603,1.5124702,,,,,,,,,,,,,,,,,
108500,0.22179519,1.4347044,,,,,,,,,,,,,,,,,
108600,0.2262523,1.5152137,,,,,,,,,,,,,,,,,
108700,0.22067209,1.4707941,,,,,,,,,,,,,,,,,
108800,0.2211475,1.4222095,,,,,,,,,,,,,,,,,
108900,0.2246691,1.4853443,,,,,,,,,,,,,,,,,
109000,0.22330597,1.4946326,,,,,,,,,,,,,,,,,
109100,0.21940771,1.4748417,,,,,,,,,,,,,,,,,
109200,0.22713305,1.4974161,,,,,,,,,,,,,,,,,
109300,0.2324908,1.4803878,,,,,,,,,,,,,,,,,
109400,0.23051096,1.543386,,,,,,,,,,,,,,,,,
109500,0.23864554,1.5608709,,,,,,,,,,,,,,,,,
109600,0.21823715,1.4403839,,,,,,,,,,,,,,,,,
109700,0.22497943,1.5065795,,,,,,,,,,,,,,,,,
109800,0.22448118,1.4941889,,,,,,,,,,,,,,,,,
109900,0.2261248,1.5125567,,,,,,,,,,,,,,,,,
110000,0.2215708,1.4952974,,,,,,,,,,,,,,,,,
110100,0.22525187,1.480502,,,,,,,,,,,,,,,,,
110200,0.2389116,1.531275,,,,,,,,,,,,,,,,,
110245,,,0.6882879137992859,1.4097886085510254,35.19981584636805,0.6923038959503174,1.3791635036468506,30.56347426094465,3000.0,0.7103015780448914,1.2744451761245728,30.49992268140961,3003.0,39515.29098367691,66392.81823420525,39515.29098367691,26872.388967752457,1.603606939315796,0.0
110300,0.22750159,1.4197017,,,,,,,,,,,,,,,,,
110400,0.24315758,1.489272,,,,,,,,,,,,,,,,,
110500,0.22780703,1.5829346,,,,,,,,,,,,,,,,,
110600,0.22353329,1.4704119,,,,,,,,,,,,,,,,,
110700,0.24034764,1.5512398,,,,,,,,,,,,,,,,,
110800,0.24294707,1.5051416,,,,,,,,,,,,,,,,,
110900,0.22409411,1.5315835,,,,,,,,,,,,,,,,,
111000,0.23275912,1.5615045,,,,,,,,,,,,,,,,,
111100,0.22180146,1.4402696,,,,,,,,,,,,,,,,,
111200,0.22499697,1.40247,,,,,,,,,,,,,,,,,
111300,0.22525737,1.5275282,,,,,,,,,,,,,,,,,
111400,0.24090639,1.4738946,,,,,,,,,,,,,,,,,
111500,0.24252668,1.5239171,,,,,,,,,,,,,,,,,
111600,0.23537111,1.4678667,,,,,,,,,,,,,,,,,
111700,0.22792915,1.4370629,,,,,,,,,,,,,,,,,
111800,0.22150813,1.5043677,,,,,,,,,,,,,,,,,
111900,0.23855165,1.4536704,,,,,,,,,,,,,,,,,
112000,0.22830264,1.4587519,,,,,,,,,,,,,,,,,
112100,0.24167897,1.4908562,,,,,,,,,,,,,,,,,
112200,0.22704762,1.4652245,,,,,,,,,,,,,,,,,
112300,0.22345291,1.5170217,,,,,,,,,,,,,,,,,
112400,0.22552903,1.4773278,,,,,,,,,,,,,,,,,
112500,0.2492572,1.5580595,,,,,,,,,,,,,,,,,
112591,,,0.6941087245941162,1.3747334480285645,35.41065961993999,0.6923410892486572,1.3770735263824463,30.704859704017625,3000.0,0.7099180817604065,1.2725780010223389,30.61117920436823,3003.0,40355.34690570831,67835.56606578827,40355.34690570831,27474.955493688583,1.654353380203247,0.0
112600,0.23456676,1.5472214,,,,,,,,,,,,,,,,,
112700,0.217146,1.4802704,,,,,,,,,,,,,,,,,
112800,0.22089188,1.423032,,,,,,,,,,,,,,,,,
112900,0.23109965,1.4883432,,,,,,,,,,,,,,,,,
113000,0.22427705,1.4598768,,,,,,,,,,,,,,,,,
113100,0.25398955,1.5202686,,,,,,,,,,,,,,,,,
113200,0.23098621,1.4523399,,,,,,,,,,,,,,,,,
113300,0.23076808,1.5033265,,,,,,,,,,,,,,,,,
113400,0.2275931,1.4473451,,,,,,,,,,,,,,,,,
113500,0.23162797,1.5395291,,,,,,,,,,,,,,,,,
113600,0.22574838,1.4855055,,,,,,,,,,,,,,,,,
113700,0.23715815,1.4834162,,,,,,,,,,,,,,,,,
113800,0.24473673,1.5248197,,,,,,,,,,,,,,,,,
113900,0.22980034,1.5503179,,,,,,,,,,,,,,,,,
114000,0.23216188,1.4136912,,,,,,,,,,,,,,,,,
114100,0.23840101,1.5250707,,,,,,,,,,,,,,,,,
114200,0.23402913,1.4733955,,,,,,,,,,,,,,,,,
114300,0.22958517,1.512565,,,,,,,,,,,,,,,,,
114400,0.23690751,1.4591551,,,,,,,,,,,,,,,,,
114500,0.21556237,1.4407805,,,,,,,,,,,,,,,,,
114600,0.23325253,1.4703621,,,,,,,,,,,,,,,,,
114700,0.24044904,1.4873062,,,,,,,,,,,,,,,,,
114800,0.23534356,1.4889947,,,,,,,,,,,,,,,,,
114900,0.22332723,1.4331853,,,,,,,,,,,,,,,,,
114937,,,0.6922072172164917,1.393733263015747,35.2817522823305,0.693717360496521,1.3703649044036863,30.42187428646859,3000.0,0.7107896208763123,1.2660441398620603,30.542745113871938,3003.0,41195.55699467659,69419.99466729164,41195.55699467659,28219.04938960076,1.7018797397613523,0.0
115000,0.2349152,1.4536656,,,,,,,,,,,,,,,,,
115100,0.23302092,1.4425172,,,,,,,,,,,,,,,,,
115200,0.23878804,1.4311919,,,,,,,,,,,,,,,,,
115300,0.24373084,1.5503608,,,,,,,,,,,,,,,,,
115400,0.23444612,1.4962575,,,,,,,,,,,,,,,,,
115500,0.22851254,1.4861996,,,,,,,,,,,,,,,,,
115600,0.2339696,1.4997215,,,,,,,,,,,,,,,,,
115700,0.22179973,1.4603211,,,,,,,,,,,,,,,,,
115800,0.22780915,1.4467552,,,,,,,,,,,,,,,,,
115900,0.23429573,1.5444891,,,,,,,,,,,,,,,,,
116000,0.23451374,1.400379,,,,,,,,,,,,,,,,,
116100,0.22649352,1.4287641,,,,,,,,,,,,,,,,,
116200,0.22683805,1.4954523,,,,,,,,,,,,,,,,,
116300,0.22679624,1.465934,,,,,,,,,,,,,,,,,
116400,0.22404,1.4088259,,,,,,,,,,,,,,,,,
116500,0.23226497,1.4825892,,,,,,,,,,,,,,,,,
116600,0.23239289,1.3836172,,,,,,,,,,,,,,,,,
116700,0.23704529,1.4781817,,,,,,,,,,,,,,,,,
116800,0.22914532,1.5136809,,,,,,,,,,,,,,,,,
116900,0.2360857,1.5181406,,,,,,,,,,,,,,,,,
117000,0.23322864,1.53026,,,,,,,,,,,,,,,,,
117100,0.23519298,1.50584,,,,,,,,,,,,,,,,,
117200,0.23208548,1.499388,,,,,,,,,,,,,,,,,
117283,,,0.690304696559906,1.3954484462738037,35.20293102881795,0.69430011510849,1.370716571807861,30.820244597158045,3000.0,0.7114868760108948,1.2633055448532104,30.76111965834509,3003.0,42035.75880694389,70851.79516196251,42035.75880694389,28810.52793598175,1.7455673217773438,0.0
117300,0.23284356,1.4269193,,,,,,,,,,,,,,,,,
117400,0.24839275,1.5543472,,,,,,,,,,,,,,,,,
117500,0.22775386,1.4099962,,,,,,,,,,,,,,,,,
117600,0.22689201,1.4301968,,,,,,,,,,,,,,,,,
117700,0.23418577,1.5043377,,,,,,,,,,,,,,,,,
117800,0.2348802,1.4793807,,,,,,,,,,,,,,,,,
117900,0.23914562,1.4604559,,,,,,,,,,,,,,,,,
118000,0.23429935,1.4033751,,,,,,,,,,,,,,,,,
118100,0.23694764,1.5445663,,,,,,,,,,,,,,,,,
118200,0.22942285,1.477778,,,,,,,,,,,,,,,,,
118300,0.22641954,1.4908284,,,,,,,,,,,,,,,,,
118400,0.22131318,1.4770448,,,,,,,,,,,,,,,,,
118500,0.24087186,1.4854003,,,,,,,,,,,,,,,,,
118600,0.23201397,1.4483745,,,,,,,,,,,,,,,,,
118700,0.23878713,1.5403761,,,,,,,,,,,,,,,,,
118800,0.24465178,1.4580048,,,,,,,,,,,,,,,,,
118900,0.23220491,1.4452413,,,,,,,,,,,,,,,,,
119000,0.24153903,1.5311925,,,,,,,,,,,,,,,,,
119100,0.24303427,1.5223361,,,,,,,,,,,,,,,,,
119200,0.22830011,1.5012329,,,,,,,,,,,,,,,,,
119300,0.22242111,1.4584929,,,,,,,,,,,,,,,,,
119400,0.22949186,1.4313855,,,,,,,,,,,,,,,,,
119500,0.23995894,1.4129362,,,,,,,,,,,,,,,,,
119600,0.2292475,1.4412992,,,,,,,,,,,,,,,,,
119629,,,0.6958056688308716,1.3685253858566284,35.7102083223731,0.6936181783676147,1.36842942237854,30.65897634626175,3000.0,0.7119168043136597,1.2605042457580566,30.859965177480586,3003.0,42875.923796892166,72394.39634847641,42875.923796892166,29512.847000598907,1.788480281829834,0.0
119700,0.2294474,1.453072,,,,,,,,,,,,,,,,,
119800,0.24372303,1.4194053,,,,,,,,,,,,,,,,,
119900,0.2368791,1.4807514,,,,,,,,,,,,,,,,,
120000,0.23872228,1.4575673,,,,,,,,,,,,,,,,,
120100,0.24073076,1.4913524,,,,,,,,,,,,,,,,,
120200,0.24219936,1.4807216,,,,,,,,,,,,,,,,,
120300,0.23669943,1.4918352,,,,,,,,,,,,,,,,,
120400,0.23672976,1.410567,,,,,,,,,,,,,,,,,
120500,0.25371176,1.5106063,,,,,,,,,,,,,,,,,
120600,0.23698314,1.5157372,,,,,,,,,,,,,,,,,
120700,0.2378684,1.4193364,,,,,,,,,,,,,,,,,
120800,0.23992841,1.4596083,,,,,,,,,,,,,,,,,
120900,0.22346398,1.461515,,,,,,,,,,,,,,,,,
121000,0.23691906,1.4770709,,,,,,,,,,,,,,,,,
121100,0.23646086,1.5360965,,,,,,,,,,,,,,,,,
121200,0.23276812,1.5012002,,,,,,,,,,,,,,,,,
121300,0.23551713,1.4890078,,,,,,,,,,,,,,,,,
121400,0.2283427,1.4418923,,,,,,,,,,,,,,,,,
121500,0.23924924,1.4417379,,,,,,,,,,,,,,,,,
121600,0.24251932,1.4592757,,,,,,,,,,,,,,,,,
121700,0.22903812,1.4557052,,,,,,,,,,,,,,,,,
121800,0.2351552,1.4909413,,,,,,,,,,,,,,,,,
121900,0.2336245,1.5196059,,,,,,,,,,,,,,,,,
121974,,,0.6915479302406311,1.388578176498413,35.36310249116494,0.6942381262779236,1.3653781414031982,30.68772665448068,3000.0,0.7125210762023926,1.2577069997787476,30.773637579945547,3003.0,43716.03023672104,73805.94238114357,43716.03023672104,30084.16514778137,1.832347393035889,0.0
122000,0.24402435,1.4478855,,,,,,,,,,,,,,,,,
122100,0.22660361,1.3921736,,,,,,,,,,,,,,,,,
122200,0.23766302,1.4913889,,,,,,,,,,,,,,,,,
122300,0.24108678,1.4143661,,,,,,,,,,,,,,,,,
122400,0.24541205,1.4910551,,,,,,,,,,,,,,,,,
122500,0.2374271,1.4396708,,,,,,,,,,,,,,,,,
122600,0.22953111,1.4890759,,,,,,,,,,,,,,,,,
122700,0.22208145,1.4021947,,,,,,,,,,,,,,,,,
122800,0.23151219,1.5051887,,,,,,,,,,,,,,,,,
122900,0.24962352,1.4736578,,,,,,,,,,,,,,,,,
123000,0.25214326,1.5029778,,,,,,,,,,,,,,,,,
123100,0.23119466,1.4134061,,,,,,,,,,,,,,,,,
123200,0.24402782,1.5191435,,,,,,,,,,,,,,,,,
123300,0.23369162,1.431765,,,,,,,,,,,,,,,,,
123400,0.23553851,1.4651467,,,,,,,,,,,,,,,,,
123500,0.2454029,1.488551,,,,,,,,,,,,,,,,,
123600,0.23845057,1.4849594,,,,,,,,,,,,,,,,,
123700,0.24027278,1.5052052,,,,,,,,,,,,,,,,,
123800,0.23252039,1.4060457,,,,,,,,,,,,,,,,,
123900,0.24130283,1.4614906,,,,,,,,,,,,,,,,,
124000,0.23167793,1.4639057,,,,,,,,,,,,,,,,,
124100,0.23239812,1.479845,,,,,,,,,,,,,,,,,
124200,0.22272113,1.4046701,,,,,,,,,,,,,,,,,
124300,0.23209675,1.4974681,,,,,,,,,,,,,,,,,
124318,,,0.6958664655685425,1.3725371360778809,35.70916601186907,0.6946473121643066,1.364732027053833,30.91054033191716,3000.0,0.7131369709968567,1.2557777166366575,30.84595524052872,3003.0,44556.06577014923,75262.98744797707,44556.06577014923,30701.053248643875,1.876137018203736,0.0
124400,0.23403926,1.4606553,,,,,,,,,,,,,,,,,
124500,0.22235827,1.4585434,,,,,,,,,,,,,,,,,
124600,0.24040341,1.4192528,,,,,,,,,,,,,,,,,
124700,0.23791525,1.4129708,,,,,,,,,,,,,,,,,
124800,0.24043691,1.507719,,,,,,,,,,,,,,,,,
124900,0.23341472,1.4473294,,,,,,,,,,,,,,,,,
125000,0.23579091,1.4501146,,,,,,,,,,,,,,,,,
125100,0.23942418,1.5217501,,,,,,,,,,,,,,,,,
125200,0.2331575,1.4301556,,,,,,,,,,,,,,,,,
125300,0.23973915,1.4497246,,,,,,,,,,,,,,,,,
125400,0.2398029,1.5171161,,,,,,,,,,,,,,,,,
125500,0.23332955,1.4922832,,,,,,,,,,,,,,,,,
125600,0.22865798,1.4512935,,,,,,,,,,,,,,,,,
125700,0.23508066,1.4660505,,,,,,,,,,,,,,,,,
125800,0.24730262,1.4659498,,,,,,,,,,,,,,,,,
125900,0.23264137,1.3490759,,,,,,,,,,,,,,,,,
126000,0.24251801,1.4943436,,,,,,,,,,,,,,,,,
126100,0.2234755,1.4812621,,,,,,,,,,,,,,,,,
126200,0.23583336,1.3957599,,,,,,,,,,,,,,,,,
126300,0.24912585,1.5136313,,,,,,,,,,,,,,,,,
126400,0.2333872,1.475882,,,,,,,,,,,,,,,,,
126500,0.23112905,1.3878393,,,,,,,,,,,,,,,,,
126600,0.24432084,1.4814276,,,,,,,,,,,,,,,,,
126663,,,0.6963878273963928,1.3677339553833008,35.3685362955417,0.6950316429138184,1.3643397092819214,30.77219468305123,3000.0,0.7128929495811462,1.2559876441955566,30.87501995821473,3003.0,45396.00702667236,76722.7999753952,45396.00702667236,31320.80184316635,1.9225962162017824,0.0
126700,0.22516921,1.3928032,,,,,,,,,,,,,,,,,
126800,0.2343817,1.4464201,,,,,,,,,,,,,,,,,
126900,0.24128747,1.5206759,,,,,,,,,,,,,,,,,
127000,0.2294833,1.410466,,,,,,,,,,,,,,,,,
127100,0.23871407,1.4773302,,,,,,,,,,,,,,,,,
127200,0.23948745,1.4939637,,,,,,,,,,,,,,,,,
127300,0.24233745,1.4035499,,,,,,,,,,,,,,,,,
127400,0.25172332,1.4253914,,,,,,,,,,,,,,,,,
127500,0.2388356,1.4832178,,,,,,,,,,,,,,,,,
127600,0.23887822,1.5033064,,,,,,,,,,,,,,,,,
127700,0.23040986,1.5296183,,,,,,,,,,,,,,,,,
127800,0.23408146,1.4497333,,,,,,,,,,,,,,,,,
127900,0.22866136,1.4984776,,,,,,,,,,,,,,,,,
128000,0.23864982,1.4415188,,,,,,,,,,,,,,,,,
128100,0.23133658,1.5636085,,,,,,,,,,,,,,,,,
128200,0.23688601,1.4790673,,,,,,,,,,,,,,,,,
128300,0.2341617,1.4988688,,,,,,,,,,,,,,,,,
128400,0.23572648,1.4232867,,,,,,,,,,,,,,,,,
128500,0.23276354,1.4115652,,,,,,,,,,,,,,,,,
128600,0.2247555,1.453373,,,,,,,,,,,,,,,,,
128700,0.22669266,1.4663815,,,,,,,,,,,,,,,,,
128800,0.24337028,1.4871867,,,,,,,,,,,,,,,,,
128900,0.22911456,1.4571748,,,,,,,,,,,,,,,,,
129000,0.24391016,1.4484441,,,,,,,,,,,,,,,,,
129010,,,0.6947799324989319,1.3747010231018066,35.44969392992167,0.6953044533729553,1.3621292114257812,30.786053998723386,3000.0,0.7133809924125671,1.2536063194274902,30.837718893970138,3003.0,46236.22338271141,78223.86001873016,46236.22338271141,31981.52465200424,1.9672255516052248,0.0
129100,0.231198,1.5257868,,,,,,,,,,,,,,,,,
129200,0.23917834,1.5006934,,,,,,,,,,,,,,,,,
129300,0.2396898,1.5363959,,,,,,,,,,,,,,,,,
129400,0.25180173,1.5172535,,,,,,,,,,,,,,,,,
129500,0.23021491,1.4313586,,,,,,,,,,,,,,,,,
129600,0.22946022,1.5167185,,,,,,,,,,,,,,,,,
129700,0.2295412,1.530685,,,,,,,,,,,,,,,,,
129800,0.23333474,1.4507636,,,,,,,,,,,,,,,,,
129900,0.23380363,1.4427872,,,,,,,,,,,,,,,,,
130000,0.22633617,1.4700953,,,,,,,,,,,,,,,,,
130100,0.24452752,1.5061978,,,,,,,,,,,,,,,,,
130200,0.22463976,1.4833918,,,,,,,,,,,,,,,,,
130300,0.2407794,1.4534472,,,,,,,,,,,,,,,,,
130400,0.22640614,1.3911986,,,,,,,,,,,,,,,,,
130500,0.23335373,1.4557195,,,,,,,,,,,,,,,,,
130600,0.24072205,1.3988674,,,,,,,,,,,,,,,,,
130700,0.23806164,1.4710193,,,,,,,,,,,,,,,,,
130800,0.2432479,1.5066171,,,,,,,,,,,,,,,,,
130900,0.24282037,1.3695887,,,,,,,,,,,,,,,,,
131000,0.24300234,1.388023,,,,,,,,,,,,,,,,,
131100,0.22458771,1.3993438,,,,,,,,,,,,,,,,,
131200,0.23947643,1.4638684,,,,,,,,,,,,,,,,,
131300,0.22734816,1.471827,,,,,,,,,,,,,,,,,
131357,,,0.6980651617050171,1.3623944520950315,35.745533977811,0.6951928734779358,1.3623720407485962,30.81682333868408,3000.0,0.7132763862609863,1.2537087202072144,30.857126776061257,3003.0,47076.33667135239,79719.39379668236,47076.33667135239,32636.82600307465,2.012143135070801,0.0
131400,0.23556186,1.4829019,,,,,,,,,,,,,,,,,
131500,0.23309986,1.4772606,,,,,,,,,,,,,,,,,
131600,0.24226202,1.4369755,,,,,,,,,,,,,,,,,
131700,0.23124965,1.4703295,,,,,,,,,,,,,,,,,
131800,0.23734821,1.5133003,,,,,,,,,,,,,,,,,
131900,0.23060772,1.4255548,,,,,,,,,,,,,,,,,
132000,0.22255813,1.4377238,,,,,,,,,,,,,,,,,
132100,0.24007018,1.4913591,,,,,,,,,,,,,,,,,
132200,0.24552457,1.4826179,,,,,,,,,,,,,,,,,
132300,0.23786439,1.471962,,,,,,,,,,,,,,,,,
132400,0.23707321,1.5127589,,,,,,,,,,,,,,,,,
132500,0.23154138,1.4090691,,,,,,,,,,,,,,,,,
132600,0.24261683,1.494104,,,,,,,,,,,,,,,,,
132700,0.22968712,1.5253218,,,,,,,,,,,,,,,,,
132800,0.22074147,1.4171988,,,,,,,,,,,,,,,,,
132900,0.22354947,1.4206939,,,,,,,,,,,,,,,,,
133000,0.23782404,1.4628651,,,,,,,,,,,,,,,,,
133100,0.23701704,1.4334042,,,,,,,,,,,,,,,,,
133200,0.23096658,1.3800336,,,,,,,,,,,,,,,,,
133300,0.23601046,1.5506622,,,,,,,,,,,,,,,,,
133333,,,0.6977786421775818,1.358901858329773,35.85408950071874,0.6951680779457092,1.3623775243759155,30.78454367159104,3000.0,0.7132763862609863,1.253868579864502,30.85216689299744,3003.0,47783.83299946785,81060.76957821846,47783.83299946785,33270.594187021255,2.060373544692993,0.0
133333,,,,,,,,,,,,,,47783.83299946785,,,,,0.0
