global_step,grad_norm,loss,train/accuracy,train/loss,train/mean_average_precision,validation/accuracy,validation/loss,validation/mean_average_precision,validation/num_examples,test/accuracy,test/loss,test/mean_average_precision,test/num_examples,score,total_duration,accumulated_submission_time,accumulated_eval_time,accumulated_logging_time,preemption_count
0,3.181188,0.79912275,,,,,,,,,,,,,,,,,
1,,,0.3887049853801727,0.7994356751441956,0.0230993680346546,0.3926452994346618,0.7974664568901062,0.0248431496041781,43793.0,0.3947480618953705,0.7956756353378296,0.0263663607361259,43793.0,11.89487600326538,116.68095016479492,11.89487600326538,104.78602743148804,0.0,0.0
100,0.11703073,0.12093872,,,,,,,,,,,,,,,,,
200,0.008400563,0.056903604,,,,,,,,,,,,,,,,,
300,0.007058307,0.05111576,,,,,,,,,,,,,,,,,
400,0.009147398,0.048861403,,,,,,,,,,,,,,,,,
500,0.024820365,0.054282445,,,,,,,,,,,,,,,,,
600,0.015920186,0.049871292,,,,,,,,,,,,,,,,,
700,0.024270125,0.06576804,,,,,,,,,,,,,,,,,
748,,,0.9867178201675416,0.0540571250021457,0.0413288035889094,0.984153687953949,0.0642426088452339,0.0405507054465399,43793.0,0.9831724166870116,0.0675854012370109,0.0414079131255289,43793.0,251.93400812149048,463.8443031311035,251.93400812149048,211.86702752113345,0.023287296295166,0.0
800,0.0077818,0.046091232,,,,,,,,,,,,,,,,,
900,0.0047898726,0.054992292,,,,,,,,,,,,,,,,,
1000,0.0055767787,0.05686925,,,,,,,,,,,,,,,,,
1100,0.009790724,0.052105032,,,,,,,,,,,,,,,,,
1200,0.0132822,0.047238614,,,,,,,,,,,,,,,,,
1300,0.0086457,0.04663629,,,,,,,,,,,,,,,,,
1400,0.007955853,0.047648836,,,,,,,,,,,,,,,,,
1500,,,0.9868547916412354,0.0534534752368927,0.0404074919278545,0.984169065952301,0.0638072565197944,0.0401475249861516,43793.0,0.9832056760787964,0.0670676082372665,0.041944288818654,43793.0,491.9445328712464,807.0779266357422,491.9445328712464,315.04234194755554,0.0506999492645263,0.0
1500,0.014615547,0.061812956,,,,,,,,,,,,,,,,,
1600,0.009512017,0.057269324,,,,,,,,,,,,,,,,,
1700,0.008002428,0.053574752,,,,,,,,,,,,,,,,,
1800,0.018469367,0.056763317,,,,,,,,,,,,,,,,,
1900,0.006810995,0.05034717,,,,,,,,,,,,,,,,,
2000,0.010300093,0.058726814,,,,,,,,,,,,,,,,,
2100,0.008668623,0.050912216,,,,,,,,,,,,,,,,,
2200,0.0130805755,0.049892657,,,,,,,,,,,,,,,,,
2255,,,0.9868224263191224,0.0518390424549579,0.0526378552763878,0.9842417240142822,0.0621321313083171,0.0498430073024989,43793.0,0.983265459537506,0.0653808563947677,0.05076436693773,43793.0,731.971120595932,1154.2588243484497,731.971120595932,422.1489651203156,0.07857346534729,0.0
2300,0.01005689,0.05697137,,,,,,,,,,,,,,,,,
2400,0.008230871,0.05046413,,,,,,,,,,,,,,,,,
2500,0.007200115,0.04840285,,,,,,,,,,,,,,,,,
2600,0.008549281,0.05511635,,,,,,,,,,,,,,,,,
2700,0.01340149,0.053353474,,,,,,,,,,,,,,,,,
2800,0.004164778,0.047755703,,,,,,,,,,,,,,,,,
2900,0.01574226,0.052425135,,,,,,,,,,,,,,,,,
3000,0.0071828007,0.052065935,,,,,,,,,,,,,,,,,
3012,,,0.9869569540023804,0.0495302826166152,0.0698423122171888,0.98429936170578,0.0596925765275955,0.0653821551267546,43793.0,0.9833332896232604,0.0633403435349464,0.0663088386050019,43793.0,972.108246088028,1500.8414223194122,972.108246088028,528.547721862793,0.1052675247192382,0.0
3100,0.010308714,0.04816851,,,,,,,,,,,,,,,,,
3200,0.009694669,0.04928027,,,,,,,,,,,,,,,,,
3300,0.020849679,0.041689638,,,,,,,,,,,,,,,,,
3400,0.011961268,0.045448743,,,,,,,,,,,,,,,,,
3500,0.013705427,0.046822477,,,,,,,,,,,,,,,,,
3600,0.013958787,0.046837997,,,,,,,,,,,,,,,,,
3700,0.02369793,0.043525256,,,,,,,,,,,,,,,,,
3768,,,0.9871721863746644,0.0480428338050842,0.0928386623424184,0.9844650030136108,0.0578740499913692,0.0906684969170909,43793.0,0.9835565090179444,0.0613648705184459,0.0921200282411233,43793.0,1212.2337291240692,1849.313452243805,1212.2337291240692,636.8478765487671,0.1316099166870117,0.0
3800,0.0069086775,0.04873315,,,,,,,,,,,,,,,,,
3900,0.007932282,0.043742903,,,,,,,,,,,,,,,,,
4000,0.057884295,0.04644651,,,,,,,,,,,,,,,,,
4100,0.026205543,0.05141551,,,,,,,,,,,,,,,,,
4200,0.031497225,0.05207849,,,,,,,,,,,,,,,,,
4300,0.01638793,0.042233612,,,,,,,,,,,,,,,,,
4400,0.0303966,0.03855563,,,,,,,,,,,,,,,,,
4500,0.015532244,0.04518826,,,,,,,,,,,,,,,,,
4522,,,0.9874393939971924,0.0453436709940433,0.1245404069794609,0.9847800135612488,0.0548060648143291,0.1111730464072495,43793.0,0.9838467240333556,0.0577796697616577,0.1173304671659813,43793.0,1452.3454518318176,2194.1322169303894,1452.3454518318176,741.5066666603088,0.1595327854156494,0.0
4600,0.032473717,0.04637864,,,,,,,,,,,,,,,,,
4700,0.02309703,0.044220973,,,,,,,,,,,,,,,,,
4800,0.01709275,0.042405616,,,,,,,,,,,,,,,,,
4900,0.011588146,0.04750985,,,,,,,,,,,,,,,,,
5000,0.056276076,0.04757439,,,,,,,,,,,,,,,,,
5100,0.02645505,0.041980915,,,,,,,,,,,,,,,,,
5200,0.020261763,0.04277195,,,,,,,,,,,,,,,,,
5269,,,0.9877853393554688,0.0436364114284515,0.1349541273898319,0.9847633838653564,0.0536157079041004,0.1228188394742861,43793.0,0.9838109016418456,0.0564559586346149,0.128097338821601,43793.0,1692.4349780082705,2540.757847547531,1692.4349780082705,847.9944367408752,0.1878836154937744,0.0
5300,0.028921455,0.046095252,,,,,,,,,,,,,,,,,
5400,0.053672485,0.038601372,,,,,,,,,,,,,,,,,
5500,0.04613568,0.048646115,,,,,,,,,,,,,,,,,
5600,0.021845054,0.041501798,,,,,,,,,,,,,,,,,
5700,0.032970656,0.042591807,,,,,,,,,,,,,,,,,
5800,0.030567495,0.040604703,,,,,,,,,,,,,,,,,
5900,0.029096752,0.037926562,,,,,,,,,,,,,,,,,
6000,0.014444614,0.044370376,,,,,,,,,,,,,,,,,
6017,,,0.9877686500549316,0.0430554561316967,0.1524773079411523,0.9850386381149292,0.0525088608264923,0.1389896901816074,43793.0,0.9840855598449708,0.0552940890192985,0.1426776114746375,43793.0,1932.6885635852807,2890.5146567821503,1932.6885635852807,957.4483652114868,0.2167634963989257,0.0
6100,0.03553502,0.045044474,,,,,,,,,,,,,,,,,
6200,0.028335316,0.03927748,,,,,,,,,,,,,,,,,
6300,0.030868407,0.041787006,,,,,,,,,,,,,,,,,
6400,0.025489463,0.04915225,,,,,,,,,,,,,,,,,
6500,0.021848654,0.0445282,,,,,,,,,,,,,,,,,
6600,0.051704917,0.04119904,,,,,,,,,,,,,,,,,
6700,0.041828234,0.04121943,,,,,,,,,,,,,,,,,
6771,,,0.988117814064026,0.0419328287243843,0.1471271580563905,0.9850714802742004,0.0519345328211784,0.1369009566762386,43793.0,0.984137773513794,0.0547958463430404,0.137266701689431,43793.0,2172.851979732513,3240.1714539527893,2172.851979732513,1066.894276857376,0.2442078590393066,0.0
6800,0.029019589,0.0405311,,,,,,,,,,,,,,,,,
6900,0.041147545,0.043413855,,,,,,,,,,,,,,,,,
7000,0.022471758,0.044233967,,,,,,,,,,,,,,,,,
7100,0.044702258,0.03836928,,,,,,,,,,,,,,,,,
7200,0.03581504,0.038564514,,,,,,,,,,,,,,,,,
7300,0.06837282,0.04473391,,,,,,,,,,,,,,,,,
7400,0.050240938,0.044092283,,,,,,,,,,,,,,,,,
7500,0.027805066,0.042204577,,,,,,,,,,,,,,,,,
7522,,,0.9878849387168884,0.0425020903348922,0.1590378641956764,0.9852147698402404,0.0517855808138847,0.1396837630676205,43793.0,0.984243094921112,0.05458440259099,0.1388095702206179,43793.0,2412.9996078014374,3587.0254402160645,2412.9996078014374,1173.5531170368197,0.2712841033935547,0.0
7600,0.029783163,0.042140048,,,,,,,,,,,,,,,,,
7700,0.03308024,0.044533934,,,,,,,,,,,,,,,,,
7800,0.062452313,0.03903328,,,,,,,,,,,,,,,,,
7900,0.022281986,0.040279392,,,,,,,,,,,,,,,,,
8000,0.025801552,0.041263185,,,,,,,,,,,,,,,,,
8100,0.036176603,0.04651108,,,,,,,,,,,,,,,,,
8200,0.029281247,0.037617307,,,,,,,,,,,,,,,,,
8278,,,0.9880563616752625,0.0417524687945842,0.1610822629742694,0.9852578043937684,0.0509598068892955,0.1488274819384134,43793.0,0.9843167662620544,0.0536992959678173,0.1497537212633665,43793.0,2653.148269176483,3936.214086532593,2653.148269176483,1282.5451092720032,0.2990598678588867,0.0
8300,0.08908327,0.038277853,,,,,,,,,,,,,,,,,
8400,0.040671133,0.03985018,,,,,,,,,,,,,,,,,
8500,0.026590073,0.041341055,,,,,,,,,,,,,,,,,
8600,0.073031954,0.04324941,,,,,,,,,,,,,,,,,
8700,0.0490887,0.04246467,,,,,,,,,,,,,,,,,
8800,0.034988668,0.04498991,,,,,,,,,,,,,,,,,
8900,0.083986424,0.04252296,,,,,,,,,,,,,,,,,
9000,0.04180062,0.044616427,,,,,,,,,,,,,,,,,
9026,,,0.9882237315177916,0.0422638691961765,0.1666925139943225,0.9851611852645874,0.0513968542218208,0.1470027461109916,43793.0,0.9842881560325624,0.053785428404808,0.1467478836927074,43793.0,2893.190643548965,4281.849505901337,2893.190643548965,1388.0890011787417,0.3277096748352051,0.0
9100,0.041080892,0.04385686,,,,,,,,,,,,,,,,,
9200,0.031456202,0.039208647,,,,,,,,,,,,,,,,,
9300,0.036290254,0.045348573,,,,,,,,,,,,,,,,,
9400,0.05595151,0.0446357,,,,,,,,,,,,,,,,,
9500,0.056044407,0.038116045,,,,,,,,,,,,,,,,,
9600,0.044872653,0.044171162,,,,,,,,,,,,,,,,,
9700,0.05120895,0.043789186,,,,,,,,,,,,,,,,,
9778,,,0.988153874874115,0.0412655286490917,0.1776809481114947,0.9853041172027588,0.0507806502282619,0.1524563100207836,43793.0,0.9843904972076416,0.0536238476634025,0.1550489886621871,43793.0,3133.340534448624,4625.398817539215,3133.340534448624,1491.438364028931,0.3579344749450683,0.0
9800,0.041496158,0.038168408,,,,,,,,,,,,,,,,,
9900,0.034806028,0.040213775,,,,,,,,,,,,,,,,,
10000,0.06853823,0.04100928,,,,,,,,,,,,,,,,,
10100,0.04662127,0.040416513,,,,,,,,,,,,,,,,,
10200,0.031886965,0.044545624,,,,,,,,,,,,,,,,,
10300,0.046712473,0.038849205,,,,,,,,,,,,,,,,,
10400,0.060666747,0.04364281,,,,,,,,,,,,,,,,,
10500,0.027288806,0.039331652,,,,,,,,,,,,,,,,,
10526,,,0.988370418548584,0.0405784808099269,0.1764253451645966,0.9853061437606812,0.0504616163671016,0.1536274094312301,43793.0,0.9843748807907104,0.0532482601702213,0.1629483331394156,43793.0,3373.36945104599,4973.312300443649,3373.36945104599,1599.2725040912628,0.3884594440460205,0.0
10600,0.032557916,0.038782597,,,,,,,,,,,,,,,,,
10700,0.12085679,0.039579872,,,,,,,,,,,,,,,,,
10800,0.058605015,0.040776778,,,,,,,,,,,,,,,,,
10900,0.038825814,0.041867536,,,,,,,,,,,,,,,,,
11000,0.08746978,0.043299105,,,,,,,,,,,,,,,,,
11100,0.052248597,0.04487,,,,,,,,,,,,,,,,,
11200,0.0332627,0.03952092,,,,,,,,,,,,,,,,,
11280,,,0.9882692694664,0.0407231338322162,0.1806463704697511,0.9853795766830444,0.0506321750581264,0.1516324973639082,43793.0,0.98440819978714,0.0535706207156181,0.1535308390425825,43793.0,3613.459751367569,5317.750963449478,3613.459751367569,1703.5707485675812,0.4186489582061767,0.0
11300,0.029733034,0.040656682,,,,,,,,,,,,,,,,,
11400,0.045917258,0.040561456,,,,,,,,,,,,,,,,,
11500,0.043296766,0.040496744,,,,,,,,,,,,,,,,,
11600,0.027271776,0.04104187,,,,,,,,,,,,,,,,,
11700,0.03300098,0.044252984,,,,,,,,,,,,,,,,,
11800,0.04022972,0.036556553,,,,,,,,,,,,,,,,,
11900,0.060981873,0.045459133,,,,,,,,,,,,,,,,,
12000,0.03360352,0.039555795,,,,,,,,,,,,,,,,,
12034,,,0.9883570671081544,0.0406102873384952,0.187897305803684,0.9853954315185548,0.0513092726469039,0.1469485466278225,43793.0,0.9845050573349,0.0542274564504623,0.1533889459399407,43793.0,3853.7374968528734,5664.29166841507,3853.7374968528734,1809.784565925598,0.4482748508453369,0.0
12100,0.029022543,0.03978595,,,,,,,,,,,,,,,,,
12200,0.02305079,0.038631402,,,,,,,,,,,,,,,,,
12300,0.06270307,0.042699642,,,,,,,,,,,,,,,,,
12400,0.047122136,0.039054707,,,,,,,,,,,,,,,,,
12500,0.029173702,0.041207694,,,,,,,,,,,,,,,,,
12600,0.033207238,0.039256226,,,,,,,,,,,,,,,,,
12700,0.061357114,0.04350246,,,,,,,,,,,,,,,,,
12793,,,0.9884112477302552,0.0403369925916194,0.1881470002900639,0.9853706955909728,0.0505053550004959,0.1582621068851679,43793.0,0.9844494462013244,0.0533479265868663,0.160429288795423,43793.0,4093.757108926773,6008.2779705524445,4093.757108926773,1913.699834108353,0.4794890880584717,0.0
12800,0.09451413,0.040817574,,,,,,,,,,,,,,,,,
12900,0.022314448,0.038867455,,,,,,,,,,,,,,,,,
13000,0.02392749,0.039197244,,,,,,,,,,,,,,,,,
13100,0.045290336,0.035553254,,,,,,,,,,,,,,,,,
13200,0.040849026,0.038249303,,,,,,,,,,,,,,,,,
13300,0.06960114,0.04147885,,,,,,,,,,,,,,,,,
13400,0.038070194,0.039747268,,,,,,,,,,,,,,,,,
13500,0.041720957,0.04306306,,,,,,,,,,,,,,,,,
13551,,,0.9883461594581604,0.040721870958805,0.1881293046142475,0.9853450655937196,0.0510617010295391,0.1625691607394891,43793.0,0.9844717979431152,0.0538974851369857,0.1589984335660068,43793.0,4334.002388477325,6353.242366313934,4334.002388477325,2018.3670988082888,0.5114123821258545,0.0
13600,0.030522855,0.043168243,,,,,,,,,,,,,,,,,
13700,0.07089634,0.03691132,,,,,,,,,,,,,,,,,
13800,0.034982312,0.0406771,,,,,,,,,,,,,,,,,
13900,0.083685175,0.048307706,,,,,,,,,,,,,,,,,
14000,0.10016646,0.03996741,,,,,,,,,,,,,,,,,
14100,0.049439907,0.041720778,,,,,,,,,,,,,,,,,
14200,0.056843348,0.04623571,,,,,,,,,,,,,,,,,
14300,0.037486658,0.04204954,,,,,,,,,,,,,,,,,
14309,,,0.9886543154716492,0.0395914278924465,0.1886557689800052,0.9855687618255616,0.0496367439627647,0.1672704252272741,43793.0,0.9845977425575256,0.0522046722471714,0.1706820676001708,43793.0,4574.218851804733,6702.318521976471,4574.218851804733,2127.1761713027954,0.542165994644165,0.0
14400,0.041319054,0.04471642,,,,,,,,,,,,,,,,,
14500,0.055857945,0.0383445,,,,,,,,,,,,,,,,,
14600,0.036160186,0.042926352,,,,,,,,,,,,,,,,,
14700,0.058831174,0.04299041,,,,,,,,,,,,,,,,,
14800,0.043793194,0.036978427,,,,,,,,,,,,,,,,,
14900,0.060424134,0.04169609,,,,,,,,,,,,,,,,,
15000,0.04798126,0.04070208,,,,,,,,,,,,,,,,,
15065,,,0.9882400631904602,0.0407610535621643,0.1768932244139741,0.98537677526474,0.0505119189620018,0.1621677928424066,43793.0,0.984438955783844,0.0533509105443954,0.1598961203343125,43793.0,4814.288403272629,7051.812611579895,4814.288403272629,2236.548712730408,0.5745348930358887,0.0
15100,0.02990904,0.03760619,,,,,,,,,,,,,,,,,
15200,0.052875184,0.04095115,,,,,,,,,,,,,,,,,
15300,0.02640373,0.044104442,,,,,,,,,,,,,,,,,
15400,0.033335242,0.03896044,,,,,,,,,,,,,,,,,
15500,0.05872879,0.040257704,,,,,,,,,,,,,,,,,
15600,0.029539939,0.041738275,,,,,,,,,,,,,,,,,
15700,0.053765457,0.043025035,,,,,,,,,,,,,,,,,
15800,0.03935892,0.04103006,,,,,,,,,,,,,,,,,
15819,,,0.9884235262870787,0.0403160750865936,0.1800596144394523,0.9854745864868164,0.0501674003899097,0.1589919840343427,43793.0,0.9844840168952942,0.0530835837125778,0.1610488174560943,43793.0,5054.5061230659485,7397.481730699539,5054.5061230659485,2341.950671672821,0.6038038730621338,0.0
15900,0.02856349,0.038382646,,,,,,,,,,,,,,,,,
16000,0.030290376,0.0349425,,,,,,,,,,,,,,,,,
16100,0.0674792,0.044828337,,,,,,,,,,,,,,,,,
16200,0.117535494,0.040523734,,,,,,,,,,,,,,,,,
16300,0.05219392,0.037426375,,,,,,,,,,,,,,,,,
16400,0.029212536,0.04371221,,,,,,,,,,,,,,,,,
16500,0.056736615,0.035482273,,,,,,,,,,,,,,,,,
16575,,,0.9884944558143616,0.0400652587413787,0.1946530005520942,0.9855245351791382,0.0493463389575481,0.1648574669725729,43793.0,0.9845366477966307,0.0522386245429515,0.1585987983113044,43793.0,5294.63217496872,7745.110958576202,5294.63217496872,2449.4044041633606,0.6335453987121582,0.0
16600,0.050069023,0.04097883,,,,,,,,,,,,,,,,,
16700,0.054604933,0.04531509,,,,,,,,,,,,,,,,,
16800,0.046125095,0.03785271,,,,,,,,,,,,,,,,,
16900,0.05212537,0.04119502,,,,,,,,,,,,,,,,,
17000,0.068972394,0.043087874,,,,,,,,,,,,,,,,,
17100,0.041108396,0.03927431,,,,,,,,,,,,,,,,,
17200,0.055347808,0.038465466,,,,,,,,,,,,,,,,,
17300,0.03091043,0.040265054,,,,,,,,,,,,,,,,,
17338,,,0.988466501235962,0.0401264503598213,0.1891231957882106,0.9855257272720336,0.049877855926752,0.1615751031520323,43793.0,0.9845648407936096,0.0527358315885067,0.1628610260560505,43793.0,5534.787349462509,8088.665885448456,5534.787349462509,2552.754077911377,0.6638550758361816,0.0
17400,0.046137094,0.038009275,,,,,,,,,,,,,,,,,
17500,0.103060655,0.039427366,,,,,,,,,,,,,,,,,
17600,0.022250947,0.038531397,,,,,,,,,,,,,,,,,
17700,0.037642505,0.035016205,,,,,,,,,,,,,,,,,
17800,0.044331152,0.036842868,,,,,,,,,,,,,,,,,
17900,0.054433133,0.038489107,,,,,,,,,,,,,,,,,
18000,0.10183462,0.046227396,,,,,,,,,,,,,,,,,
18100,0.080129586,0.039220963,,,,,,,,,,,,,,,,,
18102,,,0.9886404275894164,0.0396051965653896,0.2016534385517859,0.985596776008606,0.0498393774032592,0.1660370317504795,43793.0,0.9846120476722716,0.0526713393628597,0.1660621285801552,43793.0,5774.893808841705,8433.951842308044,5774.893808841705,2657.8833651542664,0.6942009925842285,0.0
18200,0.035690475,0.041773066,,,,,,,,,,,,,,,,,
18300,0.05457016,0.04050163,,,,,,,,,,,,,,,,,
18400,0.037163496,0.037930652,,,,,,,,,,,,,,,,,
18500,0.0282006,0.036861278,,,,,,,,,,,,,,,,,
18600,0.059437655,0.04100105,,,,,,,,,,,,,,,,,
18700,0.038889505,0.036497757,,,,,,,,,,,,,,,,,
18800,0.057795156,0.037622172,,,,,,,,,,,,,,,,,
18858,,,0.9884719252586364,0.0400543436408042,0.1856856220138234,0.9854221940040588,0.0504087135195732,0.1566981421152463,43793.0,0.9844696521759032,0.0534532889723777,0.1569761173961862,43793.0,6014.983092546463,8780.828848361969,6014.983092546463,2764.619640350342,0.7254533767700195,0.0
18900,0.068137355,0.04062159,,,,,,,,,,,,,,,,,
19000,0.04239826,0.040084884,,,,,,,,,,,,,,,,,
19100,0.045895852,0.040861707,,,,,,,,,,,,,,,,,
19200,0.065126374,0.044394966,,,,,,,,,,,,,,,,,
19300,0.025654886,0.0434852,,,,,,,,,,,,,,,,,
19400,0.031419285,0.03899859,,,,,,,,,,,,,,,,,
19500,0.035256173,0.040029764,,,,,,,,,,,,,,,,,
19600,0.05701829,0.04095657,,,,,,,,,,,,,,,,,
19617,,,0.9885842204093932,0.039523422718048,0.1949042477951265,0.9855241179466248,0.0500289462506771,0.1680505834962828,43793.0,0.9845610857009888,0.0529608465731143,0.1662060151744309,43793.0,6255.108852148056,9122.684712648392,6255.108852148056,2866.300521612168,0.7550556659698486,0.0
19700,0.06391672,0.036653582,,,,,,,,,,,,,,,,,
19800,0.0296462,0.037826505,,,,,,,,,,,,,,,,,
19900,0.025551755,0.039331272,,,,,,,,,,,,,,,,,
20000,0.025012849,0.035805874,,,,,,,,,,,,,,,,,
20100,0.04362743,0.035940725,,,,,,,,,,,,,,,,,
20200,0.045095447,0.03454575,,,,,,,,,,,,,,,,,
20300,0.035285905,0.039336022,,,,,,,,,,,,,,,,,
20370,,,0.9885866641998292,0.0403407551348209,0.190552363333073,0.985431969165802,0.0497220121324062,0.1618298861649432,43793.0,0.984565258026123,0.0525690093636512,0.1609021073804863,43793.0,6495.332993984222,9472.132626056671,6495.332993984222,2975.4721944332123,0.787273645401001,0.0
20400,0.09305106,0.04089195,,,,,,,,,,,,,,,,,
20500,0.026319934,0.042933203,,,,,,,,,,,,,,,,,
20600,0.102135405,0.03262291,,,,,,,,,,,,,,,,,
20700,0.0354608,0.04271416,,,,,,,,,,,,,,,,,
20800,0.043929096,0.038486194,,,,,,,,,,,,,,,,,
20900,0.12807621,0.03913547,,,,,,,,,,,,,,,,,
21000,0.054280147,0.04136372,,,,,,,,,,,,,,,,,
21100,0.035538115,0.039675128,,,,,,,,,,,,,,,,,
21128,,,0.9888412952423096,0.0390158295631408,0.1984423527563512,0.9855196475982666,0.0496362783014774,0.1704775937419216,43793.0,0.984618365764618,0.0525290071964263,0.1673807543089017,43793.0,6735.384921073914,9814.043020009996,6735.384921073914,3077.280902385712,0.8171370029449463,0.0
21200,0.054993354,0.039250873,,,,,,,,,,,,,,,,,
21300,0.024489127,0.039003413,,,,,,,,,,,,,,,,,
21400,0.051249042,0.03923173,,,,,,,,,,,,,,,,,
21500,0.10221082,0.04408939,,,,,,,,,,,,,,,,,
21600,0.061161056,0.04058823,,,,,,,,,,,,,,,,,
21700,0.07934924,0.03555709,,,,,,,,,,,,,,,,,
21800,0.06851134,0.041661367,,,,,,,,,,,,,,,,,
21888,,,0.988599419593811,0.0396040715277195,0.1955595368230457,0.9856069087982178,0.0493299253284931,0.1709071697455449,43793.0,0.9847084879875184,0.052076943218708,0.1687030523777823,43793.0,6975.345520019531,10161.952837228777,6975.345520019531,3185.17812037468,0.8489246368408203,0.0
21900,0.07820616,0.04300594,,,,,,,,,,,,,,,,,
22000,0.08259749,0.04042268,,,,,,,,,,,,,,,,,
22100,0.116805986,0.04240753,,,,,,,,,,,,,,,,,
22200,0.035567045,0.04141854,,,,,,,,,,,,,,,,,
22300,0.044656016,0.041500505,,,,,,,,,,,,,,,,,
22400,0.10166704,0.042098638,,,,,,,,,,,,,,,,,
22500,0.039108448,0.040253002,,,,,,,,,,,,,,,,,
22600,0.03601566,0.040666115,,,,,,,,,,,,,,,,,
22640,,,0.9885961413383484,0.0399170108139514,0.19312791976085,0.9854997396469116,0.0498074442148208,0.1646969130909154,43793.0,0.9846465587615968,0.0523969121277332,0.1618779776619127,43793.0,7215.383780956268,10508.548904895782,7215.383780956268,3291.6833214759827,0.8813366889953613,0.0
22700,0.045995045,0.036598206,,,,,,,,,,,,,,,,,
22800,0.055868484,0.04036023,,,,,,,,,,,,,,,,,
22900,0.040327925,0.039332923,,,,,,,,,,,,,,,,,
23000,0.09162715,0.038607977,,,,,,,,,,,,,,,,,
23100,0.047371574,0.038910206,,,,,,,,,,,,,,,,,
23200,0.06071579,0.039582837,,,,,,,,,,,,,,,,,
23300,0.034244347,0.040918656,,,,,,,,,,,,,,,,,
23395,,,0.9885261058807372,0.0398454070091247,0.2045054501347917,0.9855204820632936,0.0496206805109977,0.1696779981251334,43793.0,0.9845758080482484,0.052251573652029,0.1668913197902987,43793.0,7455.464512586594,10854.205847978592,7455.464512586594,3397.201486110688,0.9188354015350342,0.0
23400,0.07604526,0.03581498,,,,,,,,,,,,,,,,,
23500,0.053623777,0.044666275,,,,,,,,,,,,,,,,,
23600,0.053122886,0.03554492,,,,,,,,,,,,,,,,,
23700,0.046750624,0.041346528,,,,,,,,,,,,,,,,,
23800,0.04286584,0.040012754,,,,,,,,,,,,,,,,,
23900,0.06558863,0.039877273,,,,,,,,,,,,,,,,,
24000,0.048435234,0.04071402,,,,,,,,,,,,,,,,,
24100,0.06699298,0.041417908,,,,,,,,,,,,,,,,,
24150,,,0.9885877370834352,0.0395864844322204,0.198987881596415,0.9856178760528564,0.0494555197656154,0.1701272548379744,43793.0,0.9847046732902528,0.0524015016853809,0.1677331479726042,43793.0,7695.480072259903,11197.75633430481,7695.480072259903,3500.685555458069,0.9494316577911376,0.0
24200,0.04464273,0.039795727,,,,,,,,,,,,,,,,,
24300,0.057955507,0.034196436,,,,,,,,,,,,,,,,,
24400,0.074622095,0.033240404,,,,,,,,,,,,,,,,,
24500,0.055578243,0.038032897,,,,,,,,,,,,,,,,,
24600,0.08114985,0.038096722,,,,,,,,,,,,,,,,,
24700,0.058287222,0.044495534,,,,,,,,,,,,,,,,,
24800,0.048428863,0.033692867,,,,,,,,,,,,,,,,,
24895,,,0.9885725378990172,0.0396206192672252,0.1884983398828092,0.985593557357788,0.0495513565838336,0.1638078991555382,43793.0,0.9846591949462892,0.0524363219738006,0.1622380428695896,43793.0,7935.451113462448,11544.484077215197,7935.451113462448,3607.390516757965,0.980963945388794,0.0
24900,0.05963468,0.0420189,,,,,,,,,,,,,,,,,
25000,0.05453759,0.03813148,,,,,,,,,,,,,,,,,
25100,0.04131412,0.037194695,,,,,,,,,,,,,,,,,
25200,0.061264098,0.040742874,,,,,,,,,,,,,,,,,
25300,0.036273584,0.03743152,,,,,,,,,,,,,,,,,
25400,0.05397074,0.037899073,,,,,,,,,,,,,,,,,
25500,0.03887081,0.034827687,,,,,,,,,,,,,,,,,
25600,0.03980176,0.039196886,,,,,,,,,,,,,,,,,
25646,,,0.9884662628173828,0.0406963936984539,0.1889124579895067,0.9852277636528016,0.0517746023833751,0.1620684550428439,43793.0,0.9842435121536256,0.0553393326699733,0.14969740247395,43793.0,8175.517338037491,11890.685946941376,8175.517338037491,3713.474276781082,1.012589931488037,0.0
25700,0.06848494,0.04406819,,,,,,,,,,,,,,,,,
25800,0.0645594,0.041165188,,,,,,,,,,,,,,,,,
25900,0.049572144,0.042834915,,,,,,,,,,,,,,,,,
26000,0.04429525,0.03834771,,,,,,,,,,,,,,,,,
26100,0.05620775,0.044592354,,,,,,,,,,,,,,,,,
26200,0.033965647,0.040521976,,,,,,,,,,,,,,,,,
26300,0.034031384,0.03732816,,,,,,,,,,,,,,,,,
26396,,,0.9886945486068726,0.0391205176711082,0.2076740135078882,0.9855862259864808,0.0494204312562942,0.1699061284238353,43793.0,0.9846705794334412,0.0522284172475338,0.1665207318270333,43793.0,8415.550181627274,12235.662456035614,8415.550181627274,3818.364675998688,1.0460069179534912,0.0
26400,0.06898129,0.04067807,,,,,,,,,,,,,,,,,
26500,0.043417864,0.037726775,,,,,,,,,,,,,,,,,
26600,0.03815891,0.037853684,,,,,,,,,,,,,,,,,
26700,0.0807708,0.041834675,,,,,,,,,,,,,,,,,
26800,0.040659238,0.042023405,,,,,,,,,,,,,,,,,
26900,0.08843373,0.045593437,,,,,,,,,,,,,,,,,
27000,0.053341813,0.038475174,,,,,,,,,,,,,,,,,
27100,0.057815343,0.041868627,,,,,,,,,,,,,,,,,
27156,,,0.9885122776031494,0.0393948778510093,0.2045708442516365,0.985469937324524,0.0498745180666446,0.1768885285711521,43793.0,0.9845792055130004,0.0527769736945629,0.1750600617505908,43793.0,8655.730852127075,12581.70412158966,8655.730852127075,3924.174050092697,1.0775668621063232,0.0
27200,0.048329107,0.037262928,,,,,,,,,,,,,,,,,
27300,0.03304073,0.035434566,,,,,,,,,,,,,,,,,
27400,0.043322995,0.041908875,,,,,,,,,,,,,,,,,
27500,0.06414057,0.04370503,,,,,,,,,,,,,,,,,
27600,0.120246574,0.03768408,,,,,,,,,,,,,,,,,
27700,0.046758052,0.04072787,,,,,,,,,,,,,,,,,
27800,0.047443673,0.039688934,,,,,,,,,,,,,,,,,
27900,0.31409508,0.06294956,,,,,,,,,,,,,,,,,
27913,,,0.9870010018348694,0.0472155846655368,0.1103796881982437,0.9840448498725892,0.0574222430586814,0.0985057329111871,43793.0,0.9831374287605286,0.0604283660650253,0.1038184794279353,43793.0,8895.984867811203,12928.67640185356,8895.984867811203,4030.839526414871,1.110039234161377,0.0
28000,0.06616247,0.040505134,,,,,,,,,,,,,,,,,
28100,0.08419733,0.042615652,,,,,,,,,,,,,,,,,
28200,0.045755323,0.043243635,,,,,,,,,,,,,,,,,
28300,0.05144089,0.040762622,,,,,,,,,,,,,,,,,
28400,0.0415426,0.03756537,,,,,,,,,,,,,,,,,
28500,0.03458117,0.040674802,,,,,,,,,,,,,,,,,
28600,0.038907934,0.03706369,,,,,,,,,,,,,,,,,
28671,,,0.98862624168396,0.0392830222845077,0.2086000109865182,0.9856077432632446,0.0498518608510494,0.1624308171851189,43793.0,0.9846815466880798,0.052851814776659,0.1664202583307426,43793.0,9135.996017217636,13274.639439105988,9135.996017217636,4136.737054347992,1.1446597576141355,0.0
28700,0.06682213,0.040091936,,,,,,,,,,,,,,,,,
28800,0.067805074,0.039428066,,,,,,,,,,,,,,,,,
28900,0.076561645,0.0347241,,,,,,,,,,,,,,,,,
29000,0.039944656,0.03533345,,,,,,,,,,,,,,,,,
29100,0.049924683,0.0372737,,,,,,,,,,,,,,,,,
29200,0.03897362,0.03557658,,,,,,,,,,,,,,,,,
29300,0.05060842,0.04272787,,,,,,,,,,,,,,,,,
29400,0.03253785,0.035124935,,,,,,,,,,,,,,,,,
29423,,,0.9888563752174376,0.0386092141270637,0.1952220106581476,0.9856755137443542,0.0489604957401752,0.1736647414079732,43793.0,0.9847674369812012,0.0517728812992572,0.1757862534867406,43793.0,9376.22216939926,13618.191462039948,9376.22216939926,4240.01061463356,1.1763203144073486,0.0
29500,0.09125552,0.038205903,,,,,,,,,,,,,,,,,
29600,0.073692255,0.03851399,,,,,,,,,,,,,,,,,
29700,0.03688989,0.03595013,,,,,,,,,,,,,,,,,
29800,0.061657775,0.035614166,,,,,,,,,,,,,,,,,
29900,0.049871456,0.042207737,,,,,,,,,,,,,,,,,
30000,0.042765163,0.041588936,,,,,,,,,,,,,,,,,
30100,0.076253645,0.041524485,,,,,,,,,,,,,,,,,
30177,,,0.9887091517448424,0.039166934788227,0.2039721153390068,0.9856755137443542,0.0492084473371505,0.1739264363776995,43793.0,0.9847522974014282,0.0520043931901454,0.1742552044543923,43793.0,9616.297856807709,13963.307752609251,9616.297856807709,4344.998346328735,1.209303617477417,0.0
30200,0.030261714,0.03764597,,,,,,,,,,,,,,,,,
30300,0.09219082,0.037977636,,,,,,,,,,,,,,,,,
30400,0.09005538,0.039119516,,,,,,,,,,,,,,,,,
30500,0.056810338,0.04429206,,,,,,,,,,,,,,,,,
30600,0.058699388,0.034496065,,,,,,,,,,,,,,,,,
30700,0.038731817,0.033831567,,,,,,,,,,,,,,,,,
30800,0.052409276,0.039652757,,,,,,,,,,,,,,,,,
30900,0.075235605,0.04178394,,,,,,,,,,,,,,,,,
30930,,,0.9886908531188964,0.0390931963920593,0.1994932528086023,0.9856739044189452,0.0495341904461383,0.1778154397527345,43793.0,0.98477041721344,0.0525437444448471,0.1694027176352054,43793.0,9856.373237371445,14304.544981956482,9856.373237371445,4446.108120918274,1.2410881519317627,0.0
31000,0.060562335,0.038921632,,,,,,,,,,,,,,,,,
31100,0.051469397,0.036407027,,,,,,,,,,,,,,,,,
31200,0.057042915,0.04077182,,,,,,,,,,,,,,,,,
31300,0.031845875,0.038340308,,,,,,,,,,,,,,,,,
31400,0.04363073,0.03510689,,,,,,,,,,,,,,,,,
31500,0.045257907,0.03203849,,,,,,,,,,,,,,,,,
31600,0.043237712,0.04051863,,,,,,,,,,,,,,,,,
31693,,,0.9885149598121644,0.0396221540868282,0.194215934757525,0.9857165217399596,0.0492618419229984,0.1747485124816603,43793.0,0.9847164750099182,0.0521720796823501,0.1737591675951564,43793.0,10096.422625780106,14649.05891919136,10096.422625780106,4550.519570350647,1.2745091915130615,0.0
31700,0.049328513,0.036722347,,,,,,,,,,,,,,,,,
31800,0.06487567,0.044282697,,,,,,,,,,,,,,,,,
31900,0.06692086,0.0406805,,,,,,,,,,,,,,,,,
32000,0.08715615,0.043868244,,,,,,,,,,,,,,,,,
32100,0.057084676,0.033942614,,,,,,,,,,,,,,,,,
32200,0.05576125,0.041195188,,,,,,,,,,,,,,,,,
32300,0.056865133,0.035672616,,,,,,,,,,,,,,,,,
32400,0.07153117,0.03895532,,,,,,,,,,,,,,,,,
32452,,,0.988632082939148,0.0392586700618267,0.204369646453474,0.9855963587760924,0.0492731444537639,0.175708370852377,43793.0,0.9845787882804872,0.0522355996072292,0.1658119645684935,43793.0,10336.437881469728,14996.374430418016,10336.437881469728,4657.76614189148,1.3084368705749512,0.0
32500,0.06608441,0.03520349,,,,,,,,,,,,,,,,,
32600,0.04855947,0.038118307,,,,,,,,,,,,,,,,,
32700,0.038487386,0.040658597,,,,,,,,,,,,,,,,,
32800,0.05046722,0.04054818,,,,,,,,,,,,,,,,,
32900,0.046322677,0.04385421,,,,,,,,,,,,,,,,,
33000,0.07934231,0.038463715,,,,,,,,,,,,,,,,,
33100,0.087140895,0.041335385,,,,,,,,,,,,,,,,,
33200,0.04257717,0.03581385,,,,,,,,,,,,,,,,,
33217,,,0.9888612031936646,0.0386213921010494,0.2074459373809987,0.9858188033103944,0.0493051446974277,0.1833785917632685,43793.0,0.9848264455795288,0.0522915534675121,0.1770464495206037,43793.0,10576.67140340805,15339.427662611008,10576.67140340805,4760.532192707062,1.342067003250122,0.0
33300,0.04688944,0.04136968,,,,,,,,,,,,,,,,,
33400,0.066133484,0.04495192,,,,,,,,,,,,,,,,,
33500,0.05721685,0.040432002,,,,,,,,,,,,,,,,,
33600,0.07295847,0.03665052,,,,,,,,,,,,,,,,,
33700,0.05096222,0.041204438,,,,,,,,,,,,,,,,,
33800,0.057523422,0.03266647,,,,,,,,,,,,,,,,,
33900,0.123347566,0.037318386,,,,,,,,,,,,,,,,,
33968,,,0.988823652267456,0.0387829691171646,0.2097071365273531,0.9857664704322816,0.0491368472576141,0.1783703510066827,43793.0,0.9848175644874572,0.0521162152290344,0.1782565607649952,43793.0,10816.757288694382,15688.211569309236,10816.757288694382,4869.175209760666,1.3774352073669434,0.0
34000,0.064796716,0.042403996,,,,,,,,,,,,,,,,,
34100,0.056608193,0.036287095,,,,,,,,,,,,,,,,,
34200,0.10959189,0.035295974,,,,,,,,,,,,,,,,,
34300,0.0675878,0.037117265,,,,,,,,,,,,,,,,,
34400,0.09761157,0.04511398,,,,,,,,,,,,,,,,,
34500,0.06421666,0.039224528,,,,,,,,,,,,,,,,,
34600,0.04748691,0.039991282,,,,,,,,,,,,,,,,,
34700,0.06254627,0.04289279,,,,,,,,,,,,,,,,,
34725,,,0.9889429807662964,0.0380373783409595,0.2179248873481545,0.9857100248336792,0.0489446595311164,0.171346110199196,43793.0,0.9847207069396972,0.0518995597958564,0.1696407534624433,43793.0,11056.986756563188,16036.28269791603,11056.986756563188,4976.963281154633,1.411080837249756,0.0
34800,0.043713365,0.04084126,,,,,,,,,,,,,,,,,
34900,0.042401496,0.039820824,,,,,,,,,,,,,,,,,
35000,0.064418785,0.038489416,,,,,,,,,,,,,,,,,
35100,0.047412354,0.042029332,,,,,,,,,,,,,,,,,
35200,0.1021271,0.036432493,,,,,,,,,,,,,,,,,
35300,0.059039354,0.038489077,,,,,,,,,,,,,,,,,
35400,0.04699734,0.037177164,,,,,,,,,,,,,,,,,
35479,,,0.9887934327125548,0.0383532419800758,0.2175011480776211,0.985688328742981,0.0491277314722538,0.1822192971931874,43793.0,0.9847089052200316,0.0522429086267948,0.1731621813997392,43793.0,11297.105067253113,16382.713775157928,11297.105067253113,5083.223834276199,1.4434118270874023,0.0
35500,0.042791434,0.039906945,,,,,,,,,,,,,,,,,
35600,0.07311728,0.036165703,,,,,,,,,,,,,,,,,
35700,0.0704559,0.036620237,,,,,,,,,,,,,,,,,
35800,0.13432449,0.043021854,,,,,,,,,,,,,,,,,
35900,0.055408906,0.04140858,,,,,,,,,,,,,,,,,
36000,0.11130322,0.038939234,,,,,,,,,,,,,,,,,
36100,0.066051036,0.03614865,,,,,,,,,,,,,,,,,
36200,0.060860574,0.04001861,,,,,,,,,,,,,,,,,
36232,,,0.9889160990715028,0.038255613297224,0.2174486785456183,0.9857396483421326,0.0487405806779861,0.1753565414250365,43793.0,0.984761118888855,0.0518080927431583,0.1681800602295691,43793.0,11537.17705130577,16728.115339756012,11537.17705130577,5188.498993873596,1.47762131690979,0.0
36300,0.06460517,0.039481312,,,,,,,,,,,,,,,,,
36400,0.045544278,0.039218042,,,,,,,,,,,,,,,,,
36500,0.064692184,0.04074554,,,,,,,,,,,,,,,,,
36600,0.06964855,0.038002387,,,,,,,,,,,,,,,,,
36700,0.06256195,0.037209988,,,,,,,,,,,,,,,,,
36800,0.044288173,0.04124161,,,,,,,,,,,,,,,,,
36900,0.045673963,0.04214897,,,,,,,,,,,,,,,,,
36979,,,0.9888588786125184,0.0385875515639781,0.2114442024080533,0.9856597185134888,0.0490989945828914,0.173963467929486,43793.0,0.9847059845924376,0.0520849637687206,0.1709051116411258,43793.0,11777.208164453506,17072.413522958755,11777.208164453506,5292.71022772789,1.513559103012085,0.0
37000,0.06735428,0.03875807,,,,,,,,,,,,,,,,,
37100,0.040439803,0.037872896,,,,,,,,,,,,,,,,,
37200,0.054867055,0.032429963,,,,,,,,,,,,,,,,,
37300,0.04761156,0.04069595,,,,,,,,,,,,,,,,,
37400,0.08536161,0.040788285,,,,,,,,,,,,,,,,,
37500,0.053586155,0.035420496,,,,,,,,,,,,,,,,,
37600,0.051695615,0.043282166,,,,,,,,,,,,,,,,,
37700,0.079915166,0.038574,,,,,,,,,,,,,,,,,
37734,,,0.988965630531311,0.0381307713687419,0.2163211936202405,0.9856706857681274,0.0491302870213985,0.1755820478866468,43793.0,0.9846655130386353,0.0519244857132434,0.168482360769061,43793.0,12017.201822519302,17419.296885967255,12017.201822519302,5399.546529531479,1.54679536819458,0.0
37800,0.043777548,0.03945302,,,,,,,,,,,,,,,,,
37900,0.055122253,0.043368224,,,,,,,,,,,,,,,,,
38000,0.05605896,0.03660482,,,,,,,,,,,,,,,,,
38100,0.08173208,0.0432627,,,,,,,,,,,,,,,,,
38200,0.050745122,0.038277376,,,,,,,,,,,,,,,,,
38300,0.069504045,0.040206615,,,,,,,,,,,,,,,,,
38400,0.051966224,0.03844922,,,,,,,,,,,,,,,,,
38494,,,0.9889072179794312,0.0382791757583618,0.2058152897816714,0.9858139753341676,0.0483922623097896,0.1763234303719536,43793.0,0.9848403334617616,0.0511401407420635,0.1729110865622203,43793.0,12257.161703586578,17762.10279250145,12257.161703586578,5502.337423086166,1.5815489292144775,0.0
38500,0.049427357,0.043384865,,,,,,,,,,,,,,,,,
38600,0.0478232,0.041710626,,,,,,,,,,,,,,,,,
38700,0.05518548,0.03760816,,,,,,,,,,,,,,,,,
38800,0.06231375,0.037473198,,,,,,,,,,,,,,,,,
38900,0.056103118,0.03630571,,,,,,,,,,,,,,,,,
39000,0.07311313,0.042928766,,,,,,,,,,,,,,,,,
39100,0.047178086,0.0363479,,,,,,,,,,,,,,,,,
39200,0.045192406,0.036422174,,,,,,,,,,,,,,,,,
39250,,,0.9886656999588012,0.0391177199780941,0.209000849892865,0.9853398203849792,0.0495943687856197,0.1764142580300723,43793.0,0.9843534231185912,0.0526152662932872,0.1698303266528774,43793.0,12497.155459403992,18107.39728331566,12497.155459403992,5607.583341121674,1.6165733337402344,0.0
39300,0.06540109,0.036385406,,,,,,,,,,,,,,,,,
39400,0.047122274,0.04106301,,,,,,,,,,,,,,,,,
39500,0.07171911,0.040592063,,,,,,,,,,,,,,,,,
39600,0.07025954,0.038922817,,,,,,,,,,,,,,,,,
39700,0.049477167,0.035072062,,,,,,,,,,,,,,,,,
39800,0.16318864,0.045028593,,,,,,,,,,,,,,,,,
39900,0.046442013,0.03851647,,,,,,,,,,,,,,,,,
40000,0.0745759,0.04577438,,,,,,,,,,,,,,,,,
40008,,,0.988823652267456,0.0383989922702312,0.2118176751457389,0.9857344031333924,0.048629205673933,0.1850538860129511,43793.0,0.9848032593727112,0.0515053868293762,0.176415089457208,43793.0,12737.230195999146,18451.95160317421,12737.230195999146,5712.008977174759,1.6503448486328125,0.0
40100,0.095958814,0.03640744,,,,,,,,,,,,,,,,,
40200,0.05177801,0.03771259,,,,,,,,,,,,,,,,,
40300,0.059390318,0.036592502,,,,,,,,,,,,,,,,,
40400,0.07105537,0.04006803,,,,,,,,,,,,,,,,,
40500,0.05232524,0.036469344,,,,,,,,,,,,,,,,,
40600,0.10484053,0.034298737,,,,,,,,,,,,,,,,,
40700,0.057976395,0.037224952,,,,,,,,,,,,,,,,,
40765,,,0.988957405090332,0.0381148569285869,0.2250403524375973,0.9858992099761964,0.0484270341694355,0.1902167060453705,43793.0,0.98490309715271,0.0514543503522872,0.1773463244063912,43793.0,12977.429183483124,18795.01301598549,12977.429183483124,5814.817209243774,1.6850457191467283,0.0
40800,0.075324856,0.03617942,,,,,,,,,,,,,,,,,
40900,0.05296647,0.040249802,,,,,,,,,,,,,,,,,
41000,0.056467734,0.038797513,,,,,,,,,,,,,,,,,
41100,0.0662855,0.038864188,,,,,,,,,,,,,,,,,
41200,0.058369134,0.03682999,,,,,,,,,,,,,,,,,
41300,0.03997094,0.03401049,,,,,,,,,,,,,,,,,
41400,0.06655545,0.037216663,,,,,,,,,,,,,,,,,
41500,0.0664067,0.044461157,,,,,,,,,,,,,,,,,
41525,,,0.9889556169509888,0.0379303097724914,0.2247792695009524,0.9858963489532472,0.0484644919633865,0.1854287582158917,43793.0,0.9849595427513124,0.0513292327523231,0.1781156339557913,43793.0,13217.376702070236,19139.04503273964,13217.376702070236,5918.8470821380615,1.7193021774291992,0.0
41600,0.037655264,0.03893754,,,,,,,,,,,,,,,,,
41700,0.12052763,0.037611324,,,,,,,,,,,,,,,,,
41800,0.1054071,0.03454786,,,,,,,,,,,,,,,,,
41900,0.06257117,0.03470516,,,,,,,,,,,,,,,,,
42000,0.052627478,0.037152898,,,,,,,,,,,,,,,,,
42100,0.055538833,0.035377838,,,,,,,,,,,,,,,,,
42200,0.06078399,0.039022695,,,,,,,,,,,,,,,,,
42284,,,0.9891242384910583,0.037462193518877,0.2190261638573074,0.9858837723731996,0.0484282746911048,0.1882398772699011,43793.0,0.9849300384521484,0.0514775849878788,0.1728550651727835,43793.0,13457.534606933594,19485.08216929436,13457.534606933594,6024.671246051788,1.7549612522125244,0.0
42300,0.07745964,0.041029625,,,,,,,,,,,,,,,,,
42400,0.09731044,0.041164923,,,,,,,,,,,,,,,,,
42500,0.053610552,0.036494557,,,,,,,,,,,,,,,,,
42600,0.06804194,0.038114008,,,,,,,,,,,,,,,,,
42700,0.06826506,0.03730451,,,,,,,,,,,,,,,,,
42800,0.08269555,0.03958811,,,,,,,,,,,,,,,,,
42900,0.06561653,0.036135074,,,,,,,,,,,,,,,,,
43000,0.11625347,0.03588023,,,,,,,,,,,,,,,,,
43039,,,0.9891573190689088,0.0371311753988266,0.2342620274547162,0.9858505129814148,0.0484101846814155,0.1830095767989059,43793.0,0.9848761558532716,0.0512370876967906,0.1755742926960362,43793.0,13697.556046247482,19833.57168912888,13697.556046247482,6133.084717750549,1.789576292037964,0.0
43100,0.15200809,0.04154525,,,,,,,,,,,,,,,,,
43200,0.17986287,0.040061906,,,,,,,,,,,,,,,,,
43300,0.06696193,0.037099164,,,,,,,,,,,,,,,,,
43400,0.057937514,0.040213566,,,,,,,,,,,,,,,,,
43500,0.07406241,0.03721264,,,,,,,,,,,,,,,,,
43600,0.08042214,0.041519478,,,,,,,,,,,,,,,,,
43700,0.13733636,0.040770665,,,,,,,,,,,,,,,,,
43794,,,0.989040195941925,0.0374348014593124,0.2364169550507474,0.9858590364456176,0.0483596324920654,0.1810546301375452,43793.0,0.984913170337677,0.0510397516191005,0.1783023438325755,43793.0,13937.573343992231,20183.47554087639,13937.573343992231,6242.9166431427,1.824268341064453,0.0
43800,0.09674201,0.036735166,,,,,,,,,,,,,,,,,
43900,0.08767714,0.03696667,,,,,,,,,,,,,,,,,
44000,0.23112184,0.03894147,,,,,,,,,,,,,,,,,
44100,0.06104265,0.038186993,,,,,,,,,,,,,,,,,
44200,0.113742895,0.03822902,,,,,,,,,,,,,,,,,
44300,0.13894235,0.039531708,,,,,,,,,,,,,,,,,
44400,0.119574696,0.03460856,,,,,,,,,,,,,,,,,
44500,0.10948115,0.035270438,,,,,,,,,,,,,,,,,
44546,,,0.9892123341560364,0.0371120907366275,0.233629171166757,0.9858176112174988,0.0486885346472263,0.1865813241001744,43793.0,0.9848727583885192,0.0515077896416187,0.1787041508472491,43793.0,14177.521633148192,20525.7474205494,14177.521633148192,6345.184635639191,1.8598694801330569,0.0
44600,0.066353016,0.04299562,,,,,,,,,,,,,,,,,
44700,0.08496302,0.034649484,,,,,,,,,,,,,,,,,
44800,0.07218529,0.03726144,,,,,,,,,,,,,,,,,
44900,0.055184085,0.039386965,,,,,,,,,,,,,,,,,
45000,0.056509867,0.03469642,,,,,,,,,,,,,,,,,
45100,0.072352946,0.03893326,,,,,,,,,,,,,,,,,
45200,0.094079666,0.036553353,,,,,,,,,,,,,,,,,
45299,,,0.989071786403656,0.0375232920050621,0.2258647965845565,0.9858951568603516,0.0485557839274406,0.1847851065721733,43793.0,0.9849607944488524,0.0515817105770111,0.1814172696895895,43793.0,14417.702919960022,20869.454118013386,14417.702919960022,6448.654628753662,1.8947200775146484,0.0
45300,0.11544393,0.035656124,,,,,,,,,,,,,,,,,
45400,0.06348733,0.036627628,,,,,,,,,,,,,,,,,
45500,0.079438545,0.03659054,,,,,,,,,,,,,,,,,
45600,0.0972612,0.036794614,,,,,,,,,,,,,,,,,
45700,0.091879524,0.039137788,,,,,,,,,,,,,,,,,
45800,0.08850249,0.034703597,,,,,,,,,,,,,,,,,
45900,0.087163985,0.037739493,,,,,,,,,,,,,,,,,
46000,0.047444157,0.039486162,,,,,,,,,,,,,,,,,
46053,,,0.989142119884491,0.0371794253587722,0.227694452117626,0.9859349131584167,0.0484732091426849,0.1875919367502804,43793.0,0.9849578142166138,0.0514113120734691,0.1808884317825607,43793.0,14657.908961057665,21219.284123420715,14657.908961057665,6558.222561836243,1.9303202629089355,0.0
46100,0.05913173,0.034380287,,,,,,,,,,,,,,,,,
46200,0.05957967,0.03647527,,,,,,,,,,,,,,,,,
46300,0.08622191,0.038339503,,,,,,,,,,,,,,,,,
46400,0.11615519,0.032995254,,,,,,,,,,,,,,,,,
46500,0.15661368,0.0398799,,,,,,,,,,,,,,,,,
46600,0.08322495,0.03827539,,,,,,,,,,,,,,,,,
46700,0.080869585,0.04226951,,,,,,,,,,,,,,,,,
46800,0.07139504,0.040078882,,,,,,,,,,,,,,,,,
46810,,,0.989086389541626,0.0373251177370548,0.2304754300024778,0.9859126210212708,0.0482357218861579,0.1895051070078998,43793.0,0.9849451780319214,0.0510099902749061,0.1808509299838068,43793.0,14898.099229335783,21560.853466033936,14898.099229335783,6659.538984060288,1.972861051559448,0.0
46900,0.077639334,0.041613385,,,,,,,,,,,,,,,,,
47000,0.084141724,0.03383318,,,,,,,,,,,,,,,,,
47100,0.1438701,0.038067054,,,,,,,,,,,,,,,,,
47200,0.1393525,0.038684744,,,,,,,,,,,,,,,,,
47300,0.08210447,0.04111315,,,,,,,,,,,,,,,,,
47400,0.07066001,0.034509033,,,,,,,,,,,,,,,,,
47500,0.12275029,0.03802591,,,,,,,,,,,,,,,,,
47566,,,0.9891598224639891,0.0371924303472042,0.2341049216560896,0.9859057068824768,0.0480745211243629,0.1944715354910958,43793.0,0.9849637150764464,0.0508946739137172,0.1829725058936036,43793.0,15138.353684902191,21909.236936807632,15138.353684902191,6767.612953901291,2.0079030990600586,0.0
47600,0.05781228,0.03897435,,,,,,,,,,,,,,,,,
47700,0.07295887,0.040230215,,,,,,,,,,,,,,,,,
47800,0.12374906,0.039914943,,,,,,,,,,,,,,,,,
47900,0.07362344,0.038318463,,,,,,,,,,,,,,,,,
48000,0.07774845,0.034201812,,,,,,,,,,,,,,,,,
48100,0.08599611,0.034506384,,,,,,,,,,,,,,,,,
48200,0.09054938,0.03340847,,,,,,,,,,,,,,,,,
48300,0.14012262,0.033856567,,,,,,,,,,,,,,,,,
48326,,,0.9889408946037292,0.037719901651144,0.2345589341680993,0.985910177230835,0.0486140400171279,0.1934921789183694,43793.0,0.9850214123725892,0.0514427870512008,0.1861461973192388,43793.0,15378.298068523409,22251.10497307777,15378.298068523409,6869.479328393936,2.0448648929595947,0.0
48400,0.06393995,0.038290374,,,,,,,,,,,,,,,,,
48500,0.10410659,0.039626136,,,,,,,,,,,,,,,,,
48600,0.08070042,0.036992606,,,,,,,,,,,,,,,,,
48700,0.071088485,0.03573489,,,,,,,,,,,,,,,,,
48800,0.12131289,0.04041788,,,,,,,,,,,,,,,,,
48900,0.060316067,0.033509422,,,,,,,,,,,,,,,,,
49000,0.1009564,0.03677513,,,,,,,,,,,,,,,,,
49084,,,0.9892590641975404,0.0370510518550872,0.2275835327942321,0.9858817458152772,0.0481711849570274,0.1869669971379753,43793.0,0.984955072402954,0.0509009025990963,0.1842454033049275,43793.0,15618.53837943077,22599.077934503555,15618.53837943077,6977.155750751495,2.0811920166015625,0.0
49100,0.06166997,0.0338906,,,,,,,,,,,,,,,,,
49200,0.10530415,0.04110198,,,,,,,,,,,,,,,,,
49300,0.057920348,0.037626557,,,,,,,,,,,,,,,,,
49400,0.06374754,0.037427314,,,,,,,,,,,,,,,,,
49500,0.09462104,0.035905667,,,,,,,,,,,,,,,,,
49600,0.070002496,0.0382088,,,,,,,,,,,,,,,,,
49700,0.15530552,0.04244934,,,,,,,,,,,,,,,,,
49800,0.080833875,0.038750473,,,,,,,,,,,,,,,,,
49835,,,0.9892882704734802,0.0367698408663272,0.2388334799873369,0.9859365224838256,0.0483722016215324,0.1890876817019972,43793.0,0.9850075244903564,0.0509440377354621,0.1868286006328181,43793.0,15858.68499994278,22945.02338528633,15858.68499994278,7082.8976101875305,2.118276596069336,0.0
49900,0.14852835,0.035764173,,,,,,,,,,,,,,,,,
50000,0.06282359,0.034729734,,,,,,,,,,,,,,,,,
50100,0.11393108,0.03798485,,,,,,,,,,,,,,,,,
50200,0.062359545,0.03339396,,,,,,,,,,,,,,,,,
50300,0.09664855,0.0362438,,,,,,,,,,,,,,,,,
50400,0.06883264,0.035397887,,,,,,,,,,,,,,,,,
50500,0.08464004,0.03563324,,,,,,,,,,,,,,,,,
50593,,,0.989309787750244,0.0366719216108322,0.2393315454742929,0.9859462976455688,0.0478029549121856,0.184098849675496,43793.0,0.9849485754966736,0.0503535121679306,0.1815041684128693,43793.0,16098.916516304016,23292.18442082405,16098.916516304016,7189.770831346512,2.1541895866394043,0.0
50600,0.090832666,0.037776597,,,,,,,,,,,,,,,,,
50700,0.14931287,0.038431134,,,,,,,,,,,,,,,,,
50800,0.08716349,0.038842294,,,,,,,,,,,,,,,,,
50900,0.08609693,0.038503047,,,,,,,,,,,,,,,,,
51000,0.05202643,0.035666447,,,,,,,,,,,,,,,,,
51100,0.072633326,0.0373282,,,,,,,,,,,,,,,,,
51200,0.08452511,0.037428346,,,,,,,,,,,,,,,,,
51300,0.07470846,0.03727572,,,,,,,,,,,,,,,,,
51352,,,0.9894444346427916,0.0360986664891243,0.2547790329618258,0.9859942197799684,0.0479114614427089,0.1914060906010451,43793.0,0.9850766062736512,0.0506192557513713,0.1871973443523216,43793.0,16339.007791280746,23634.599209308624,16339.007791280746,7292.035793304443,2.192917823791504,0.0
51400,0.07281806,0.03393299,,,,,,,,,,,,,,,,,
51500,0.057168987,0.03786992,,,,,,,,,,,,,,,,,
51600,0.06819698,0.037311293,,,,,,,,,,,,,,,,,
51700,0.094687596,0.035120804,,,,,,,,,,,,,,,,,
51800,0.15927209,0.034967434,,,,,,,,,,,,,,,,,
51900,0.10114619,0.03913641,,,,,,,,,,,,,,,,,
52000,0.073732965,0.03886255,,,,,,,,,,,,,,,,,
52100,0.15924251,0.039832205,,,,,,,,,,,,,,,,,
52115,,,0.9893057346343994,0.0364396683871746,0.2481928758179206,0.9859434366226196,0.0476787872612476,0.1925508469856677,43793.0,0.9850197434425354,0.0503366254270076,0.189377131888189,43793.0,16579.094081163406,23977.299023389816,16579.094081163406,7394.589677810669,2.2324140071868896,0.0
52200,0.13814357,0.034593645,,,,,,,,,,,,,,,,,
52300,0.080929264,0.036043257,,,,,,,,,,,,,,,,,
52400,0.123121046,0.036154937,,,,,,,,,,,,,,,,,
52500,0.07252123,0.040032152,,,,,,,,,,,,,,,,,
52600,0.10360471,0.037230242,,,,,,,,,,,,,,,,,
52700,0.1302075,0.03594606,,,,,,,,,,,,,,,,,
52800,0.14360578,0.035803452,,,,,,,,,,,,,,,,,
52871,,,0.9894201755523682,0.0361618362367153,0.2529269382896945,0.985986053943634,0.0480906032025814,0.1971760256055278,43793.0,0.9850972294807434,0.0508808642625808,0.1879493142080678,43793.0,16819.26360821724,24318.454954862595,16819.26360821724,7495.518446922302,2.2704098224639893,0.0
52900,0.1293116,0.042605616,,,,,,,,,,,,,,,,,
53000,0.09154661,0.036440987,,,,,,,,,,,,,,,,,
53100,0.1725326,0.037017927,,,,,,,,,,,,,,,,,
53200,0.09942765,0.0381425,,,,,,,,,,,,,,,,,
53300,0.12188124,0.044787787,,,,,,,,,,,,,,,,,
53400,0.083840474,0.034964446,,,,,,,,,,,,,,,,,
53500,0.12563868,0.0363191,,,,,,,,,,,,,,,,,
53600,0.12121073,0.03757208,,,,,,,,,,,,,,,,,
53632,,,0.9894657731056212,0.035980150103569,0.2576308237827217,0.9860092401504515,0.0478395707905292,0.1956039990538769,43793.0,0.9850951433181764,0.0502948872745037,0.1894639877631705,43793.0,17059.2628159523,24661.73969578743,17059.2628159523,7598.746030807495,2.308499336242676,0.0
53700,0.21709739,0.03801772,,,,,,,,,,,,,,,,,
53800,0.13581292,0.036691222,,,,,,,,,,,,,,,,,
53900,0.13847333,0.0359949,,,,,,,,,,,,,,,,,
54000,0.09088436,0.03822893,,,,,,,,,,,,,,,,,
54100,0.10943844,0.036137763,,,,,,,,,,,,,,,,,
54200,0.06747403,0.03649277,,,,,,,,,,,,,,,,,
54300,0.09567677,0.035700325,,,,,,,,,,,,,,,,,
54393,,,0.9890407919883728,0.0375233180820941,0.2252914477340575,0.9857092499732972,0.0487162582576274,0.1846760456002189,43793.0,0.9847282767295836,0.0514081604778766,0.1770618964335692,43793.0,17299.21511077881,25006.00048089028,17299.21511077881,7702.997226715088,2.3462722301483154,0.0
54400,0.117079325,0.036931287,,,,,,,,,,,,,,,,,
54500,0.101508394,0.036002144,,,,,,,,,,,,,,,,,
54600,0.1105307,0.037291545,,,,,,,,,,,,,,,,,
54700,0.10756579,0.039155677,,,,,,,,,,,,,,,,,
54800,0.081107065,0.035550468,,,,,,,,,,,,,,,,,
54900,0.10958632,0.03661165,,,,,,,,,,,,,,,,,
55000,0.0861155,0.034811933,,,,,,,,,,,,,,,,,
55100,0.1183039,0.03694345,,,,,,,,,,,,,,,,,
55154,,,0.9894230365753174,0.0361375026404857,0.2417186113024705,0.9860656261444092,0.0478094816207885,0.1957881328081809,43793.0,0.9851566553115844,0.0504313670098781,0.1851077487487467,43793.0,17539.427534341812,25348.384285211563,17539.427534341812,7805.111110925674,2.3839142322540283,0.0
55200,0.09721071,0.034920428,,,,,,,,,,,,,,,,,
55300,0.11496783,0.035774656,,,,,,,,,,,,,,,,,
55400,0.106783226,0.037434626,,,,,,,,,,,,,,,,,
55500,0.078784116,0.033444326,,,,,,,,,,,,,,,,,
55600,0.14808135,0.035168603,,,,,,,,,,,,,,,,,
55700,0.10916709,0.036861483,,,,,,,,,,,,,,,,,
55800,0.083489,0.03534178,,,,,,,,,,,,,,,,,
55900,0.09657458,0.034870777,,,,,,,,,,,,,,,,,
55910,,,0.9894699454307556,0.0362928993999958,0.2515200120653674,0.9860270619392396,0.0474446602165699,0.1968637869987704,43793.0,0.985159158706665,0.0499532595276832,0.1888697926384954,43793.0,17779.39391064644,25691.751713991165,17779.39391064644,7908.455640792847,2.4211137294769287,0.0
56000,0.07707204,0.032609493,,,,,,,,,,,,,,,,,
56100,0.083523154,0.039691944,,,,,,,,,,,,,,,,,
56200,0.086301185,0.03809122,,,,,,,,,,,,,,,,,
56300,0.08826629,0.03635545,,,,,,,,,,,,,,,,,
56400,0.14586784,0.034606718,,,,,,,,,,,,,,,,,
56500,0.08706496,0.03817263,,,,,,,,,,,,,,,,,
56600,0.15097332,0.031881016,,,,,,,,,,,,,,,,,
56674,,,0.9894645810127258,0.035822756588459,0.2573926845896402,0.9861395359039308,0.0474042557179927,0.2015896895037112,43793.0,0.9852097034454346,0.0502450168132782,0.1947143161858327,43793.0,18019.52805519104,26035.3692150116,18019.52805519104,8011.882115125656,2.458162784576416,0.0
56700,0.08355874,0.035674475,,,,,,,,,,,,,,,,,
56800,0.13446526,0.037721302,,,,,,,,,,,,,,,,,
56900,0.12490987,0.033020157,,,,,,,,,,,,,,,,,
57000,0.105766304,0.037390184,,,,,,,,,,,,,,,,,
57100,0.17854206,0.035462394,,,,,,,,,,,,,,,,,
57200,0.08757709,0.037407137,,,,,,,,,,,,,,,,,
57300,0.14861135,0.035067335,,,,,,,,,,,,,,,,,
57400,0.15805668,0.036424678,,,,,,,,,,,,,,,,,
57432,,,0.9895554780960084,0.0357726886868476,0.2601344773012853,0.9859702587127686,0.0473478101193904,0.1983194262662403,43793.0,0.985026478767395,0.0500253960490226,0.190945310755514,43793.0,18259.709180355072,26374.576673030853,18259.709180355072,8110.851234436035,2.49564528465271,0.0
57500,0.08274938,0.035564028,,,,,,,,,,,,,,,,,
57600,0.0781089,0.036018685,,,,,,,,,,,,,,,,,
57700,0.14327052,0.04038669,,,,,,,,,,,,,,,,,
57800,0.08737076,0.033491753,,,,,,,,,,,,,,,,,
57900,0.1160375,0.031708475,,,,,,,,,,,,,,,,,
58000,0.20722319,0.0351513,,,,,,,,,,,,,,,,,
58100,0.14265268,0.034435317,,,,,,,,,,,,,,,,,
58119,,,,,,,,,,,,,,18477.048362255096,,,,,0.0
